,Disease,DiseaseCode,Year,Month,ISOWeek,Date,PeriodType,PeriodValue,Cases,Geography,Group,DataComplete,Trend,SourceDate,Version,Source,SourceURL
1,AIDS,aids,2024,1,,2024-01-01,year,2024,47,CHFL,,TRUE,stagnant,2026-06-02,20260624,Switzerland FOPH IDD Mandatory Reporting System,https://www.idd.bag.admin.ch/api/v1/data/aids/cases/value/year
2,Botulism,botulism,2024,1,,2024-01-01,year,2024,0,CH,,,,2026-06-23,20260624,Switzerland FOPH IDD Mandatory Reporting System,https://www.idd.bag.admin.ch/api/v1/data/botulism/cases/value/year
3,Brucellosis,brucellosis,2024,1,,2024-01-01,year,2024,4,CH,,,stagnant,2026-06-23,20260624,Switzerland FOPH IDD Mandatory Reporting System,https://www.idd.bag.admin.ch/api/v1/data/brucellosis/cases/value/year
4,Campylobacteriosis,campylobacteriosis,2024,1,,2024-01-01,month,202401,716,CHFL,,TRUE,stagnant,2026-06-09,20260624,Switzerland FOPH IDD Mandatory Reporting System,https://www.idd.bag.admin.ch/api/v1/data/campylobacteriosis/cases/value/month
5,Chikungunya,chikungunya,2024,1,,2024-01-01,month,202401,3,CHFL,,,stagnant,2026-06-23,20260624,Switzerland FOPH IDD Mandatory Reporting System,https://www.idd.bag.admin.ch/api/v1/data/chikungunya/cases/value/month
6,Chlamydia,chlamydiosis,2024,1,,2024-01-01,month,202401,1186,CHFL,,TRUE,,2026-06-02,20260624,Switzerland FOPH IDD Mandatory Reporting System,https://www.idd.bag.admin.ch/api/v1/data/chlamydiosis/cases/value/month
7,Cholera,cholera,2024,1,,2024-01-01,year,2024,1,CH,,,,2026-06-23,20260624,Switzerland FOPH IDD Mandatory Reporting System,https://www.idd.bag.admin.ch/api/v1/data/cholera/cases/value/year
8,Creutzfeldt-Jakob disease,cjd,2024,1,,2024-01-01,year,2024,14,CH,,,falling,2026-06-23,20260624,Switzerland FOPH IDD Mandatory Reporting System,https://www.idd.bag.admin.ch/api/v1/data/cjd/cases/value/year
9,Dengue fever,dengueFever,2024,1,,2024-01-01,month,202401,53,CHFL,,,stagnant,2026-06-23,20260624,Switzerland FOPH IDD Mandatory Reporting System,https://www.idd.bag.admin.ch/api/v1/data/dengueFever/cases/value/month
10,Diphtheria,diphtheria,2024,1,,2024-01-01,year,2024,5,CH,,,falling,2026-06-23,20260624,Switzerland FOPH IDD Mandatory Reporting System,https://www.idd.bag.admin.ch/api/v1/data/diphtheria/cases/value/year
11,EHEC,ehec,2024,1,,2024-01-01,month,202401,87,CHFL,,TRUE,falling,2026-06-09,20260624,Switzerland FOPH IDD Mandatory Reporting System,https://www.idd.bag.admin.ch/api/v1/data/ehec/cases/value/month
12,Gonorrhoea,gonorrhea,2024,1,,2024-01-01,month,202401,572,CHFL,,TRUE,,2026-06-02,20260624,Switzerland FOPH IDD Mandatory Reporting System,https://www.idd.bag.admin.ch/api/v1/data/gonorrhea/cases/value/month
13,Haemophilus influenzae disease,haemophilusInfluenzae,2024,1,,2024-01-01,month,202401,12,CHFL,,,stagnant,2026-06-23,20260624,Switzerland FOPH IDD Mandatory Reporting System,https://www.idd.bag.admin.ch/api/v1/data/haemophilusInfluenzae/cases/value/month
14,Hantavirus infection,hanta,2024,1,,2024-01-01,year,2024,0,CH,,,,2026-06-23,20260624,Switzerland FOPH IDD Mandatory Reporting System,https://www.idd.bag.admin.ch/api/v1/data/hanta/cases/value/year
15,Hepatitis A,hepatitis_a,2024,1,,2024-01-01,month,202401,4,CHFL,,TRUE,stagnant,2026-06-09,20260624,Switzerland FOPH IDD Mandatory Reporting System,https://www.idd.bag.admin.ch/api/v1/data/hepatitis_a/cases/value/month
16,Hepatitis B,hepatitis_b,2024,1,,2024-01-01,month,202401,107,CHFL,,TRUE,,2026-06-02,20260624,Switzerland FOPH IDD Mandatory Reporting System,https://www.idd.bag.admin.ch/api/v1/data/hepatitis_b/cases/value/month
17,Hepatitis C,hepatitis_c,2024,1,,2024-01-01,month,202401,101,CHFL,,TRUE,,2026-06-02,20260624,Switzerland FOPH IDD Mandatory Reporting System,https://www.idd.bag.admin.ch/api/v1/data/hepatitis_c/cases/value/month
18,Hepatitis E,hepatitis_e,2024,1,,2024-01-01,month,202401,5,CHFL,,TRUE,stagnant,2026-06-09,20260624,Switzerland FOPH IDD Mandatory Reporting System,https://www.idd.bag.admin.ch/api/v1/data/hepatitis_e/cases/value/month
19,Human Immunodeficiency Virus (HIV),hiv,2024,1,,2024-01-01,month,202401,30,CHFL,,TRUE,,2026-06-02,20260624,Switzerland FOPH IDD Mandatory Reporting System,https://www.idd.bag.admin.ch/api/v1/data/hiv/cases/value/month
20,Influenza (Seasonal flu),influenza,2024,1,,2024-01-01,month,202401,8087,CHFL,,TRUE,rising,2026-06-23,20260624,Switzerland FOPH IDD Mandatory Reporting System,https://www.idd.bag.admin.ch/api/v1/data/influenza/cases/value/month
21,Invasive pneumococcal disease,ipd,2024,1,,2024-01-01,month,202401,146,CHFL,,,rising,2026-06-23,20260624,Switzerland FOPH IDD Mandatory Reporting System,https://www.idd.bag.admin.ch/api/v1/data/ipd/cases/value/month
22,Legionellosis,legionellosis,2024,1,,2024-01-01,month,202401,18,CHFL,,,falling,2026-06-23,20260624,Switzerland FOPH IDD Mandatory Reporting System,https://www.idd.bag.admin.ch/api/v1/data/legionellosis/cases/value/month
23,Listeriosis,listeriosis,2024,1,,2024-01-01,month,202401,6,CHFL,,,stagnant,2026-06-23,20260624,Switzerland FOPH IDD Mandatory Reporting System,https://www.idd.bag.admin.ch/api/v1/data/listeriosis/cases/value/month
24,Lyme disease,lyme_borreliosis,2024,1,,2024-01-01,month,202401,98,CH,,TRUE,falling,2026-06-16,20260624,Switzerland FOPH IDD Mandatory Reporting System,https://www.idd.bag.admin.ch/api/v1/data/lyme_borreliosis/cases/value/month
25,Malaria,malaria,2024,1,,2024-01-01,month,202401,30,CHFL,,,stagnant,2026-06-23,20260624,Switzerland FOPH IDD Mandatory Reporting System,https://www.idd.bag.admin.ch/api/v1/data/malaria/cases/value/month
26,Measles,measles,2024,1,,2024-01-01,month,202401,18,CHFL,,,rising,2026-06-23,20260624,Switzerland FOPH IDD Mandatory Reporting System,https://www.idd.bag.admin.ch/api/v1/data/measles/cases/value/month
27,Meningococcal disease,meningo,2024,1,,2024-01-01,year,2024,36,CH,,,rising,2026-06-23,20260624,Switzerland FOPH IDD Mandatory Reporting System,https://www.idd.bag.admin.ch/api/v1/data/meningo/cases/value/year
28,Mpox,monkeypox,2024,1,,2024-01-01,year,2024,36,CH,,,falling,2026-06-23,20260624,Switzerland FOPH IDD Mandatory Reporting System,https://www.idd.bag.admin.ch/api/v1/data/monkeypox/cases/value/year
29,Q fever,qFever,2024,1,,2024-01-01,month,202401,10,CHFL,,,stagnant,2026-06-23,20260624,Switzerland FOPH IDD Mandatory Reporting System,https://www.idd.bag.admin.ch/api/v1/data/qFever/cases/value/month
30,Rubella,rubella,2024,1,,2024-01-01,year,2024,0,CH,,,,2026-06-23,20260624,Switzerland FOPH IDD Mandatory Reporting System,https://www.idd.bag.admin.ch/api/v1/data/rubella/cases/value/year
31,SARS-CoV-2 (Covid-19),covid19,2024,1,,2024-01-01,month,202401,4268,CHFL,,TRUE,stagnant,2026-06-23,20260624,Switzerland FOPH IDD Mandatory Reporting System,https://www.idd.bag.admin.ch/api/v1/data/covid19/cases/value/month
32,Salmonellosis,salmonellosis,2024,1,,2024-01-01,month,202401,87,CHFL,,TRUE,falling,2026-06-09,20260624,Switzerland FOPH IDD Mandatory Reporting System,https://www.idd.bag.admin.ch/api/v1/data/salmonellosis/cases/value/month
33,Shigellosis,shigellosis,2024,1,,2024-01-01,month,202401,16,CHFL,,TRUE,stagnant,2026-06-09,20260624,Switzerland FOPH IDD Mandatory Reporting System,https://www.idd.bag.admin.ch/api/v1/data/shigellosis/cases/value/month
34,Syphilis,syphilis,2024,1,,2024-01-01,month,202401,105,CHFL,,TRUE,,2026-06-02,20260624,Switzerland FOPH IDD Mandatory Reporting System,https://www.idd.bag.admin.ch/api/v1/data/syphilis/cases/value/month
35,Tetanus,tetanus,2024,1,,2024-01-01,year,2024,0,CH,,,,2026-06-23,20260624,Switzerland FOPH IDD Mandatory Reporting System,https://www.idd.bag.admin.ch/api/v1/data/tetanus/cases/value/year
36,Tick-borne encephalitis (TBE),tick-borne_encephalitis,2024,1,,2024-01-01,month,202401,2,CHFL,,TRUE,falling,2026-06-16,20260624,Switzerland FOPH IDD Mandatory Reporting System,https://www.idd.bag.admin.ch/api/v1/data/tick-borne_encephalitis/cases/value/month
37,Trichinellosis,trichinellosis,2024,1,,2024-01-01,year,2024,0,CH,,,,2026-06-23,20260624,Switzerland FOPH IDD Mandatory Reporting System,https://www.idd.bag.admin.ch/api/v1/data/trichinellosis/cases/value/year
38,Tuberculosis,tuberculosis,2024,1,,2024-01-01,month,202401,28,CHFL,,,stagnant,2026-06-23,20260624,Switzerland FOPH IDD Mandatory Reporting System,https://www.idd.bag.admin.ch/api/v1/data/tuberculosis/cases/value/month
39,Tularaemia,tularemia,2024,1,,2024-01-01,month,202401,9,CHFL,,TRUE,stagnant,2026-06-16,20260624,Switzerland FOPH IDD Mandatory Reporting System,https://www.idd.bag.admin.ch/api/v1/data/tularemia/cases/value/month
40,Typhoid and paratyphoid fever,typhoidParatyphoidFever,2024,1,,2024-01-01,year,2024,41,CH,,,rising,2026-06-23,20260624,Switzerland FOPH IDD Mandatory Reporting System,https://www.idd.bag.admin.ch/api/v1/data/typhoidParatyphoidFever/cases/value/year
41,West Nile fever,westnileFever,2024,1,,2024-01-01,year,2024,1,CH,,,,2026-06-23,20260624,Switzerland FOPH IDD Mandatory Reporting System,https://www.idd.bag.admin.ch/api/v1/data/westnileFever/cases/value/year
42,Yellow fever,yellowFever,2024,1,,2024-01-01,year,2024,0,CH,,,falling,2026-06-02,20260603,Switzerland FOPH IDD Mandatory Reporting System,https://www.idd.bag.admin.ch/api/v1/data/yellowFever/cases/value/year
43,Zika virus infection,zika,2024,1,,2024-01-01,year,2024,9,CH,,,,2026-06-23,20260624,Switzerland FOPH IDD Mandatory Reporting System,https://www.idd.bag.admin.ch/api/v1/data/zika/cases/value/year
44,Botulism,botulism,2025,1,,2025-01-01,year,2025,0,CH,,,,2026-06-23,20260624,Switzerland FOPH IDD Mandatory Reporting System,https://www.idd.bag.admin.ch/api/v1/data/botulism/cases/value/year
45,Brucellosis,brucellosis,2025,1,,2025-01-01,year,2025,7,CH,,,stagnant,2026-06-23,20260624,Switzerland FOPH IDD Mandatory Reporting System,https://www.idd.bag.admin.ch/api/v1/data/brucellosis/cases/value/year
46,Campylobacteriosis,campylobacteriosis,2025,1,,2025-01-01,month,202501,524,CHFL,,TRUE,falling,2026-06-09,20260624,Switzerland FOPH IDD Mandatory Reporting System,https://www.idd.bag.admin.ch/api/v1/data/campylobacteriosis/cases/value/month
47,Chikungunya,chikungunya,2025,1,,2025-01-01,month,202501,1,CHFL,,,stagnant,2026-06-23,20260624,Switzerland FOPH IDD Mandatory Reporting System,https://www.idd.bag.admin.ch/api/v1/data/chikungunya/cases/value/month
48,Chlamydia,chlamydiosis,2025,1,,2025-01-01,month,202501,1149,CHFL,,TRUE,,2026-06-02,20260624,Switzerland FOPH IDD Mandatory Reporting System,https://www.idd.bag.admin.ch/api/v1/data/chlamydiosis/cases/value/month
49,Cholera,cholera,2025,1,,2025-01-01,year,2025,0,CH,,,,2026-06-23,20260624,Switzerland FOPH IDD Mandatory Reporting System,https://www.idd.bag.admin.ch/api/v1/data/cholera/cases/value/year
50,Creutzfeldt-Jakob disease,cjd,2025,1,,2025-01-01,year,2025,27,CH,,,rising,2026-06-23,20260624,Switzerland FOPH IDD Mandatory Reporting System,https://www.idd.bag.admin.ch/api/v1/data/cjd/cases/value/year
51,Dengue fever,dengueFever,2025,1,,2025-01-01,month,202501,17,CHFL,,,stagnant,2026-06-23,20260624,Switzerland FOPH IDD Mandatory Reporting System,https://www.idd.bag.admin.ch/api/v1/data/dengueFever/cases/value/month
52,Diphtheria,diphtheria,2025,1,,2025-01-01,year,2025,24,CH,,,stagnant,2026-06-23,20260624,Switzerland FOPH IDD Mandatory Reporting System,https://www.idd.bag.admin.ch/api/v1/data/diphtheria/cases/value/year
53,EHEC,ehec,2025,1,,2025-01-01,month,202501,95,CHFL,,TRUE,falling,2026-06-09,20260624,Switzerland FOPH IDD Mandatory Reporting System,https://www.idd.bag.admin.ch/api/v1/data/ehec/cases/value/month
54,Gonorrhoea,gonorrhea,2025,1,,2025-01-01,month,202501,585,CHFL,,TRUE,,2026-06-02,20260624,Switzerland FOPH IDD Mandatory Reporting System,https://www.idd.bag.admin.ch/api/v1/data/gonorrhea/cases/value/month
55,Haemophilus influenzae disease,haemophilusInfluenzae,2025,1,,2025-01-01,month,202501,18,CHFL,,,stagnant,2026-06-23,20260624,Switzerland FOPH IDD Mandatory Reporting System,https://www.idd.bag.admin.ch/api/v1/data/haemophilusInfluenzae/cases/value/month
56,Hantavirus infection,hanta,2025,1,,2025-01-01,year,2025,2,CH,,,,2026-06-23,20260624,Switzerland FOPH IDD Mandatory Reporting System,https://www.idd.bag.admin.ch/api/v1/data/hanta/cases/value/year
57,Hepatitis A,hepatitis_a,2025,1,,2025-01-01,month,202501,9,CHFL,,TRUE,stagnant,2026-06-09,20260624,Switzerland FOPH IDD Mandatory Reporting System,https://www.idd.bag.admin.ch/api/v1/data/hepatitis_a/cases/value/month
58,Hepatitis B,hepatitis_b,2025,1,,2025-01-01,month,202501,121,CHFL,,TRUE,,2026-06-02,20260624,Switzerland FOPH IDD Mandatory Reporting System,https://www.idd.bag.admin.ch/api/v1/data/hepatitis_b/cases/value/month
59,Hepatitis C,hepatitis_c,2025,1,,2025-01-01,month,202501,91,CHFL,,TRUE,,2026-06-02,20260624,Switzerland FOPH IDD Mandatory Reporting System,https://www.idd.bag.admin.ch/api/v1/data/hepatitis_c/cases/value/month
60,Hepatitis E,hepatitis_e,2025,1,,2025-01-01,month,202501,13,CHFL,,TRUE,stagnant,2026-06-09,20260624,Switzerland FOPH IDD Mandatory Reporting System,https://www.idd.bag.admin.ch/api/v1/data/hepatitis_e/cases/value/month
61,Human Immunodeficiency Virus (HIV),hiv,2025,1,,2025-01-01,month,202501,41,CHFL,,TRUE,,2026-06-02,20260624,Switzerland FOPH IDD Mandatory Reporting System,https://www.idd.bag.admin.ch/api/v1/data/hiv/cases/value/month
62,Influenza (Seasonal flu),influenza,2025,1,,2025-01-01,month,202501,11492,CHFL,,TRUE,rising,2026-06-23,20260624,Switzerland FOPH IDD Mandatory Reporting System,https://www.idd.bag.admin.ch/api/v1/data/influenza/cases/value/month
63,Invasive pneumococcal disease,ipd,2025,1,,2025-01-01,month,202501,154,CHFL,,,rising,2026-06-23,20260624,Switzerland FOPH IDD Mandatory Reporting System,https://www.idd.bag.admin.ch/api/v1/data/ipd/cases/value/month
64,Legionellosis,legionellosis,2025,1,,2025-01-01,month,202501,39,CHFL,,,falling,2026-06-23,20260624,Switzerland FOPH IDD Mandatory Reporting System,https://www.idd.bag.admin.ch/api/v1/data/legionellosis/cases/value/month
65,Listeriosis,listeriosis,2025,1,,2025-01-01,month,202501,5,CHFL,,,stagnant,2026-06-23,20260624,Switzerland FOPH IDD Mandatory Reporting System,https://www.idd.bag.admin.ch/api/v1/data/listeriosis/cases/value/month
66,Lyme disease,lyme_borreliosis,2025,1,,2025-01-01,month,202501,140,CH,,TRUE,falling,2026-06-16,20260624,Switzerland FOPH IDD Mandatory Reporting System,https://www.idd.bag.admin.ch/api/v1/data/lyme_borreliosis/cases/value/month
67,Malaria,malaria,2025,1,,2025-01-01,month,202501,28,CHFL,,,rising,2026-06-23,20260624,Switzerland FOPH IDD Mandatory Reporting System,https://www.idd.bag.admin.ch/api/v1/data/malaria/cases/value/month
68,Measles,measles,2025,1,,2025-01-01,month,202501,14,CHFL,,,rising,2026-06-23,20260624,Switzerland FOPH IDD Mandatory Reporting System,https://www.idd.bag.admin.ch/api/v1/data/measles/cases/value/month
69,Meningococcal disease,meningo,2025,1,,2025-01-01,year,2025,40,CH,,,stagnant,2026-06-23,20260624,Switzerland FOPH IDD Mandatory Reporting System,https://www.idd.bag.admin.ch/api/v1/data/meningo/cases/value/year
70,Mpox,monkeypox,2025,1,,2025-01-01,year,2025,68,CH,,,rising,2026-06-23,20260624,Switzerland FOPH IDD Mandatory Reporting System,https://www.idd.bag.admin.ch/api/v1/data/monkeypox/cases/value/year
71,Q fever,qFever,2025,1,,2025-01-01,month,202501,10,CHFL,,,stagnant,2026-06-23,20260624,Switzerland FOPH IDD Mandatory Reporting System,https://www.idd.bag.admin.ch/api/v1/data/qFever/cases/value/month
72,Rubella,rubella,2025,1,,2025-01-01,year,2025,0,CH,,,,2026-06-23,20260624,Switzerland FOPH IDD Mandatory Reporting System,https://www.idd.bag.admin.ch/api/v1/data/rubella/cases/value/year
73,SARS-CoV-2 (Covid-19),covid19,2025,1,,2025-01-01,month,202501,1442,CHFL,,TRUE,falling,2026-06-23,20260624,Switzerland FOPH IDD Mandatory Reporting System,https://www.idd.bag.admin.ch/api/v1/data/covid19/cases/value/month
74,Salmonellosis,salmonellosis,2025,1,,2025-01-01,month,202501,147,CHFL,,TRUE,falling,2026-06-09,20260624,Switzerland FOPH IDD Mandatory Reporting System,https://www.idd.bag.admin.ch/api/v1/data/salmonellosis/cases/value/month
75,Shigellosis,shigellosis,2025,1,,2025-01-01,month,202501,24,CHFL,,TRUE,stagnant,2026-06-09,20260624,Switzerland FOPH IDD Mandatory Reporting System,https://www.idd.bag.admin.ch/api/v1/data/shigellosis/cases/value/month
76,Syphilis,syphilis,2025,1,,2025-01-01,month,202501,116,CHFL,,TRUE,,2026-06-02,20260624,Switzerland FOPH IDD Mandatory Reporting System,https://www.idd.bag.admin.ch/api/v1/data/syphilis/cases/value/month
77,Tetanus,tetanus,2025,1,,2025-01-01,year,2025,0,CH,,,,2026-06-23,20260624,Switzerland FOPH IDD Mandatory Reporting System,https://www.idd.bag.admin.ch/api/v1/data/tetanus/cases/value/year
78,Tick-borne encephalitis (TBE),tick-borne_encephalitis,2025,1,,2025-01-01,month,202501,2,CHFL,,TRUE,falling,2026-06-16,20260624,Switzerland FOPH IDD Mandatory Reporting System,https://www.idd.bag.admin.ch/api/v1/data/tick-borne_encephalitis/cases/value/month
79,Trichinellosis,trichinellosis,2025,1,,2025-01-01,year,2025,1,CH,,,,2026-06-23,20260624,Switzerland FOPH IDD Mandatory Reporting System,https://www.idd.bag.admin.ch/api/v1/data/trichinellosis/cases/value/year
80,Tuberculosis,tuberculosis,2025,1,,2025-01-01,month,202501,32,CHFL,,,stagnant,2026-06-23,20260624,Switzerland FOPH IDD Mandatory Reporting System,https://www.idd.bag.admin.ch/api/v1/data/tuberculosis/cases/value/month
81,Tularaemia,tularemia,2025,1,,2025-01-01,month,202501,2,CHFL,,TRUE,falling,2026-06-16,20260624,Switzerland FOPH IDD Mandatory Reporting System,https://www.idd.bag.admin.ch/api/v1/data/tularemia/cases/value/month
82,Typhoid and paratyphoid fever,typhoidParatyphoidFever,2025,1,,2025-01-01,year,2025,24,CH,,,stagnant,2026-06-23,20260624,Switzerland FOPH IDD Mandatory Reporting System,https://www.idd.bag.admin.ch/api/v1/data/typhoidParatyphoidFever/cases/value/year
83,West Nile fever,westnileFever,2025,1,,2025-01-01,year,2025,1,CH,,,,2026-06-23,20260624,Switzerland FOPH IDD Mandatory Reporting System,https://www.idd.bag.admin.ch/api/v1/data/westnileFever/cases/value/year
84,Yellow fever,yellowFever,2025,1,,2025-01-01,year,2025,0,CH,,,falling,2026-06-02,20260603,Switzerland FOPH IDD Mandatory Reporting System,https://www.idd.bag.admin.ch/api/v1/data/yellowFever/cases/value/year
85,Zika virus infection,zika,2025,1,,2025-01-01,year,2025,2,CH,,,,2026-06-23,20260624,Switzerland FOPH IDD Mandatory Reporting System,https://www.idd.bag.admin.ch/api/v1/data/zika/cases/value/year
86,Campylobacteriosis,campylobacteriosis,2025,12,,2025-12-01,month,202512,679,CHFL,,TRUE,falling,2026-06-09,20260624,Switzerland FOPH IDD Mandatory Reporting System,https://www.idd.bag.admin.ch/api/v1/data/campylobacteriosis/cases/value/month
87,Chikungunya,chikungunya,2025,12,,2025-12-01,month,202512,7,CHFL,,,stagnant,2026-06-23,20260624,Switzerland FOPH IDD Mandatory Reporting System,https://www.idd.bag.admin.ch/api/v1/data/chikungunya/cases/value/month
88,Chlamydia,chlamydiosis,2025,12,,2025-12-01,month,202512,927,CHFL,,TRUE,,2026-06-02,20260624,Switzerland FOPH IDD Mandatory Reporting System,https://www.idd.bag.admin.ch/api/v1/data/chlamydiosis/cases/value/month
89,Dengue fever,dengueFever,2025,12,,2025-12-01,month,202512,10,CHFL,,,stagnant,2026-06-23,20260624,Switzerland FOPH IDD Mandatory Reporting System,https://www.idd.bag.admin.ch/api/v1/data/dengueFever/cases/value/month
90,EHEC,ehec,2025,12,,2025-12-01,month,202512,97,CHFL,,TRUE,falling,2026-06-09,20260624,Switzerland FOPH IDD Mandatory Reporting System,https://www.idd.bag.admin.ch/api/v1/data/ehec/cases/value/month
91,Gonorrhoea,gonorrhea,2025,12,,2025-12-01,month,202512,588,CHFL,,TRUE,,2026-06-02,20260624,Switzerland FOPH IDD Mandatory Reporting System,https://www.idd.bag.admin.ch/api/v1/data/gonorrhea/cases/value/month
92,Haemophilus influenzae disease,haemophilusInfluenzae,2025,12,,2025-12-01,month,202512,16,CHFL,,,stagnant,2026-06-23,20260624,Switzerland FOPH IDD Mandatory Reporting System,https://www.idd.bag.admin.ch/api/v1/data/haemophilusInfluenzae/cases/value/month
93,Hepatitis A,hepatitis_a,2025,12,,2025-12-01,month,202512,10,CHFL,,TRUE,stagnant,2026-06-09,20260624,Switzerland FOPH IDD Mandatory Reporting System,https://www.idd.bag.admin.ch/api/v1/data/hepatitis_a/cases/value/month
94,Hepatitis B,hepatitis_b,2025,12,,2025-12-01,month,202512,106,CHFL,,TRUE,,2026-06-02,20260624,Switzerland FOPH IDD Mandatory Reporting System,https://www.idd.bag.admin.ch/api/v1/data/hepatitis_b/cases/value/month
95,Hepatitis C,hepatitis_c,2025,12,,2025-12-01,month,202512,72,CHFL,,TRUE,,2026-06-02,20260624,Switzerland FOPH IDD Mandatory Reporting System,https://www.idd.bag.admin.ch/api/v1/data/hepatitis_c/cases/value/month
96,Hepatitis E,hepatitis_e,2025,12,,2025-12-01,month,202512,9,CHFL,,TRUE,stagnant,2026-06-09,20260624,Switzerland FOPH IDD Mandatory Reporting System,https://www.idd.bag.admin.ch/api/v1/data/hepatitis_e/cases/value/month
97,Human Immunodeficiency Virus (HIV),hiv,2025,12,,2025-12-01,month,202512,29,CHFL,,TRUE,,2026-06-02,20260624,Switzerland FOPH IDD Mandatory Reporting System,https://www.idd.bag.admin.ch/api/v1/data/hiv/cases/value/month
98,Influenza (Seasonal flu),influenza,2025,12,,2025-12-01,month,202512,9999,CHFL,,TRUE,rising,2026-06-23,20260624,Switzerland FOPH IDD Mandatory Reporting System,https://www.idd.bag.admin.ch/api/v1/data/influenza/cases/value/month
99,Invasive pneumococcal disease,ipd,2025,12,,2025-12-01,month,202512,178,CHFL,,,rising,2026-06-23,20260624,Switzerland FOPH IDD Mandatory Reporting System,https://www.idd.bag.admin.ch/api/v1/data/ipd/cases/value/month
100,Legionellosis,legionellosis,2025,12,,2025-12-01,month,202512,34,CHFL,,,falling,2026-06-23,20260624,Switzerland FOPH IDD Mandatory Reporting System,https://www.idd.bag.admin.ch/api/v1/data/legionellosis/cases/value/month
101,Listeriosis,listeriosis,2025,12,,2025-12-01,month,202512,10,CHFL,,,stagnant,2026-06-23,20260624,Switzerland FOPH IDD Mandatory Reporting System,https://www.idd.bag.admin.ch/api/v1/data/listeriosis/cases/value/month
102,Lyme disease,lyme_borreliosis,2025,12,,2025-12-01,month,202512,421,CH,,TRUE,falling,2026-06-16,20260624,Switzerland FOPH IDD Mandatory Reporting System,https://www.idd.bag.admin.ch/api/v1/data/lyme_borreliosis/cases/value/month
103,Malaria,malaria,2025,12,,2025-12-01,month,202512,25,CHFL,,,stagnant,2026-06-23,20260624,Switzerland FOPH IDD Mandatory Reporting System,https://www.idd.bag.admin.ch/api/v1/data/malaria/cases/value/month
104,Measles,measles,2025,12,,2025-12-01,month,202512,0,CHFL,,,stagnant,2026-06-23,20260624,Switzerland FOPH IDD Mandatory Reporting System,https://www.idd.bag.admin.ch/api/v1/data/measles/cases/value/month
105,Q fever,qFever,2025,12,,2025-12-01,month,202512,3,CHFL,,,stagnant,2026-06-23,20260624,Switzerland FOPH IDD Mandatory Reporting System,https://www.idd.bag.admin.ch/api/v1/data/qFever/cases/value/month
106,SARS-CoV-2 (Covid-19),covid19,2025,12,,2025-12-01,month,202512,2605,CHFL,,TRUE,rising,2026-06-23,20260624,Switzerland FOPH IDD Mandatory Reporting System,https://www.idd.bag.admin.ch/api/v1/data/covid19/cases/value/month
107,Salmonellosis,salmonellosis,2025,12,,2025-12-01,month,202512,119,CHFL,,TRUE,falling,2026-06-09,20260624,Switzerland FOPH IDD Mandatory Reporting System,https://www.idd.bag.admin.ch/api/v1/data/salmonellosis/cases/value/month
108,Shigellosis,shigellosis,2025,12,,2025-12-01,month,202512,14,CHFL,,TRUE,stagnant,2026-06-09,20260624,Switzerland FOPH IDD Mandatory Reporting System,https://www.idd.bag.admin.ch/api/v1/data/shigellosis/cases/value/month
109,Syphilis,syphilis,2025,12,,2025-12-01,month,202512,104,CHFL,,TRUE,,2026-06-02,20260624,Switzerland FOPH IDD Mandatory Reporting System,https://www.idd.bag.admin.ch/api/v1/data/syphilis/cases/value/month
110,Tick-borne encephalitis (TBE),tick-borne_encephalitis,2025,12,,2025-12-01,month,202512,2,CHFL,,TRUE,falling,2026-06-16,20260624,Switzerland FOPH IDD Mandatory Reporting System,https://www.idd.bag.admin.ch/api/v1/data/tick-borne_encephalitis/cases/value/month
111,Tuberculosis,tuberculosis,2025,12,,2025-12-01,month,202512,43,CHFL,,,stagnant,2026-06-23,20260624,Switzerland FOPH IDD Mandatory Reporting System,https://www.idd.bag.admin.ch/api/v1/data/tuberculosis/cases/value/month
112,Tularaemia,tularemia,2025,12,,2025-12-01,month,202512,6,CHFL,,TRUE,falling,2026-06-16,20260624,Switzerland FOPH IDD Mandatory Reporting System,https://www.idd.bag.admin.ch/api/v1/data/tularemia/cases/value/month
113,Campylobacteriosis,campylobacteriosis,2026,1,,2026-01-01,month,202601,741,CHFL,,TRUE,stagnant,2026-06-09,20260624,Switzerland FOPH IDD Mandatory Reporting System,https://www.idd.bag.admin.ch/api/v1/data/campylobacteriosis/cases/value/month
114,Chikungunya,chikungunya,2026,1,,2026-01-01,month,202601,9,CHFL,,,falling,2026-06-23,20260624,Switzerland FOPH IDD Mandatory Reporting System,https://www.idd.bag.admin.ch/api/v1/data/chikungunya/cases/value/month
115,Chlamydia,chlamydiosis,2026,1,,2026-01-01,month,202601,1132,CHFL,,TRUE,,2026-06-02,20260624,Switzerland FOPH IDD Mandatory Reporting System,https://www.idd.bag.admin.ch/api/v1/data/chlamydiosis/cases/value/month
116,Dengue fever,dengueFever,2026,1,,2026-01-01,month,202601,13,CHFL,,,stagnant,2026-06-23,20260624,Switzerland FOPH IDD Mandatory Reporting System,https://www.idd.bag.admin.ch/api/v1/data/dengueFever/cases/value/month
117,EHEC,ehec,2026,1,,2026-01-01,month,202601,97,CHFL,,TRUE,falling,2026-06-09,20260624,Switzerland FOPH IDD Mandatory Reporting System,https://www.idd.bag.admin.ch/api/v1/data/ehec/cases/value/month
118,Gonorrhoea,gonorrhea,2026,1,,2026-01-01,month,202601,655,CHFL,,TRUE,,2026-06-02,20260624,Switzerland FOPH IDD Mandatory Reporting System,https://www.idd.bag.admin.ch/api/v1/data/gonorrhea/cases/value/month
119,Haemophilus influenzae disease,haemophilusInfluenzae,2026,1,,2026-01-01,month,202601,23,CHFL,,,stagnant,2026-06-23,20260624,Switzerland FOPH IDD Mandatory Reporting System,https://www.idd.bag.admin.ch/api/v1/data/haemophilusInfluenzae/cases/value/month
120,Hepatitis A,hepatitis_a,2026,1,,2026-01-01,month,202601,4,CHFL,,TRUE,stagnant,2026-06-09,20260624,Switzerland FOPH IDD Mandatory Reporting System,https://www.idd.bag.admin.ch/api/v1/data/hepatitis_a/cases/value/month
121,Hepatitis B,hepatitis_b,2026,1,,2026-01-01,month,202601,121,CHFL,,TRUE,,2026-06-02,20260624,Switzerland FOPH IDD Mandatory Reporting System,https://www.idd.bag.admin.ch/api/v1/data/hepatitis_b/cases/value/month
122,Hepatitis C,hepatitis_c,2026,1,,2026-01-01,month,202601,60,CHFL,,TRUE,,2026-06-02,20260624,Switzerland FOPH IDD Mandatory Reporting System,https://www.idd.bag.admin.ch/api/v1/data/hepatitis_c/cases/value/month
123,Hepatitis E,hepatitis_e,2026,1,,2026-01-01,month,202601,9,CHFL,,TRUE,stagnant,2026-06-09,20260624,Switzerland FOPH IDD Mandatory Reporting System,https://www.idd.bag.admin.ch/api/v1/data/hepatitis_e/cases/value/month
124,Human Immunodeficiency Virus (HIV),hiv,2026,1,,2026-01-01,month,202601,32,CHFL,,TRUE,,2026-06-02,20260624,Switzerland FOPH IDD Mandatory Reporting System,https://www.idd.bag.admin.ch/api/v1/data/hiv/cases/value/month
125,Influenza (Seasonal flu),influenza,2026,1,,2026-01-01,month,202601,10021,CHFL,,TRUE,rising,2026-06-23,20260624,Switzerland FOPH IDD Mandatory Reporting System,https://www.idd.bag.admin.ch/api/v1/data/influenza/cases/value/month
126,Invasive pneumococcal disease,ipd,2026,1,,2026-01-01,month,202601,135,CHFL,,,rising,2026-06-23,20260624,Switzerland FOPH IDD Mandatory Reporting System,https://www.idd.bag.admin.ch/api/v1/data/ipd/cases/value/month
127,Legionellosis,legionellosis,2026,1,,2026-01-01,month,202601,37,CHFL,,,stagnant,2026-06-23,20260624,Switzerland FOPH IDD Mandatory Reporting System,https://www.idd.bag.admin.ch/api/v1/data/legionellosis/cases/value/month
128,Listeriosis,listeriosis,2026,1,,2026-01-01,month,202601,5,CHFL,,,stagnant,2026-06-23,20260624,Switzerland FOPH IDD Mandatory Reporting System,https://www.idd.bag.admin.ch/api/v1/data/listeriosis/cases/value/month
129,Lyme disease,lyme_borreliosis,2026,1,,2026-01-01,month,202601,84,CH,,TRUE,falling,2026-06-16,20260624,Switzerland FOPH IDD Mandatory Reporting System,https://www.idd.bag.admin.ch/api/v1/data/lyme_borreliosis/cases/value/month
130,Malaria,malaria,2026,1,,2026-01-01,month,202601,34,CHFL,,,rising,2026-06-23,20260624,Switzerland FOPH IDD Mandatory Reporting System,https://www.idd.bag.admin.ch/api/v1/data/malaria/cases/value/month
131,Measles,measles,2026,1,,2026-01-01,month,202601,2,CHFL,,,stagnant,2026-06-23,20260624,Switzerland FOPH IDD Mandatory Reporting System,https://www.idd.bag.admin.ch/api/v1/data/measles/cases/value/month
132,Q fever,qFever,2026,1,,2026-01-01,month,202601,10,CHFL,,,stagnant,2026-06-23,20260624,Switzerland FOPH IDD Mandatory Reporting System,https://www.idd.bag.admin.ch/api/v1/data/qFever/cases/value/month
133,SARS-CoV-2 (Covid-19),covid19,2026,1,,2026-01-01,month,202601,1389,CHFL,,TRUE,stagnant,2026-06-23,20260624,Switzerland FOPH IDD Mandatory Reporting System,https://www.idd.bag.admin.ch/api/v1/data/covid19/cases/value/month
134,Salmonellosis,salmonellosis,2026,1,,2026-01-01,month,202601,121,CHFL,,TRUE,falling,2026-06-09,20260624,Switzerland FOPH IDD Mandatory Reporting System,https://www.idd.bag.admin.ch/api/v1/data/salmonellosis/cases/value/month
135,Shigellosis,shigellosis,2026,1,,2026-01-01,month,202601,19,CHFL,,TRUE,stagnant,2026-06-09,20260624,Switzerland FOPH IDD Mandatory Reporting System,https://www.idd.bag.admin.ch/api/v1/data/shigellosis/cases/value/month
136,Syphilis,syphilis,2026,1,,2026-01-01,month,202601,101,CHFL,,TRUE,,2026-06-02,20260624,Switzerland FOPH IDD Mandatory Reporting System,https://www.idd.bag.admin.ch/api/v1/data/syphilis/cases/value/month
137,Tick-borne encephalitis (TBE),tick-borne_encephalitis,2026,1,,2026-01-01,month,202601,4,CHFL,,TRUE,falling,2026-06-16,20260624,Switzerland FOPH IDD Mandatory Reporting System,https://www.idd.bag.admin.ch/api/v1/data/tick-borne_encephalitis/cases/value/month
138,Tuberculosis,tuberculosis,2026,1,,2026-01-01,month,202601,47,CHFL,,,stagnant,2026-06-23,20260624,Switzerland FOPH IDD Mandatory Reporting System,https://www.idd.bag.admin.ch/api/v1/data/tuberculosis/cases/value/month
139,Tularaemia,tularemia,2026,1,,2026-01-01,month,202601,5,CHFL,,TRUE,falling,2026-06-16,20260624,Switzerland FOPH IDD Mandatory Reporting System,https://www.idd.bag.admin.ch/api/v1/data/tularemia/cases/value/month
140,Campylobacteriosis,campylobacteriosis,2026,2,,2026-02-01,month,202602,439,CHFL,,TRUE,stagnant,2026-06-09,20260624,Switzerland FOPH IDD Mandatory Reporting System,https://www.idd.bag.admin.ch/api/v1/data/campylobacteriosis/cases/value/month
141,Chikungunya,chikungunya,2026,2,,2026-02-01,month,202602,9,CHFL,,,falling,2026-06-23,20260624,Switzerland FOPH IDD Mandatory Reporting System,https://www.idd.bag.admin.ch/api/v1/data/chikungunya/cases/value/month
142,Chlamydia,chlamydiosis,2026,2,,2026-02-01,month,202602,1059,CHFL,,TRUE,,2026-06-02,20260624,Switzerland FOPH IDD Mandatory Reporting System,https://www.idd.bag.admin.ch/api/v1/data/chlamydiosis/cases/value/month
143,Dengue fever,dengueFever,2026,2,,2026-02-01,month,202602,10,CHFL,,,stagnant,2026-06-23,20260624,Switzerland FOPH IDD Mandatory Reporting System,https://www.idd.bag.admin.ch/api/v1/data/dengueFever/cases/value/month
144,EHEC,ehec,2026,2,,2026-02-01,month,202602,84,CHFL,,TRUE,falling,2026-06-09,20260624,Switzerland FOPH IDD Mandatory Reporting System,https://www.idd.bag.admin.ch/api/v1/data/ehec/cases/value/month
145,Gonorrhoea,gonorrhea,2026,2,,2026-02-01,month,202602,519,CHFL,,TRUE,,2026-06-02,20260624,Switzerland FOPH IDD Mandatory Reporting System,https://www.idd.bag.admin.ch/api/v1/data/gonorrhea/cases/value/month
146,Haemophilus influenzae disease,haemophilusInfluenzae,2026,2,,2026-02-01,month,202602,13,CHFL,,,stagnant,2026-06-23,20260624,Switzerland FOPH IDD Mandatory Reporting System,https://www.idd.bag.admin.ch/api/v1/data/haemophilusInfluenzae/cases/value/month
147,Hepatitis A,hepatitis_a,2026,2,,2026-02-01,month,202602,7,CHFL,,TRUE,stagnant,2026-06-09,20260624,Switzerland FOPH IDD Mandatory Reporting System,https://www.idd.bag.admin.ch/api/v1/data/hepatitis_a/cases/value/month
148,Hepatitis B,hepatitis_b,2026,2,,2026-02-01,month,202602,143,CHFL,,TRUE,,2026-06-02,20260624,Switzerland FOPH IDD Mandatory Reporting System,https://www.idd.bag.admin.ch/api/v1/data/hepatitis_b/cases/value/month
149,Hepatitis C,hepatitis_c,2026,2,,2026-02-01,month,202602,78,CHFL,,TRUE,,2026-06-02,20260624,Switzerland FOPH IDD Mandatory Reporting System,https://www.idd.bag.admin.ch/api/v1/data/hepatitis_c/cases/value/month
150,Hepatitis E,hepatitis_e,2026,2,,2026-02-01,month,202602,13,CHFL,,TRUE,stagnant,2026-06-09,20260624,Switzerland FOPH IDD Mandatory Reporting System,https://www.idd.bag.admin.ch/api/v1/data/hepatitis_e/cases/value/month
151,Human Immunodeficiency Virus (HIV),hiv,2026,2,,2026-02-01,month,202602,31,CHFL,,TRUE,,2026-06-02,20260624,Switzerland FOPH IDD Mandatory Reporting System,https://www.idd.bag.admin.ch/api/v1/data/hiv/cases/value/month
152,Influenza (Seasonal flu),influenza,2026,2,,2026-02-01,month,202602,2763,CHFL,,TRUE,stagnant,2026-06-23,20260624,Switzerland FOPH IDD Mandatory Reporting System,https://www.idd.bag.admin.ch/api/v1/data/influenza/cases/value/month
153,Invasive pneumococcal disease,ipd,2026,2,,2026-02-01,month,202602,126,CHFL,,,stagnant,2026-06-23,20260624,Switzerland FOPH IDD Mandatory Reporting System,https://www.idd.bag.admin.ch/api/v1/data/ipd/cases/value/month
154,Legionellosis,legionellosis,2026,2,,2026-02-01,month,202602,23,CHFL,,,stagnant,2026-06-23,20260624,Switzerland FOPH IDD Mandatory Reporting System,https://www.idd.bag.admin.ch/api/v1/data/legionellosis/cases/value/month
155,Listeriosis,listeriosis,2026,2,,2026-02-01,month,202602,1,CHFL,,,stagnant,2026-06-23,20260624,Switzerland FOPH IDD Mandatory Reporting System,https://www.idd.bag.admin.ch/api/v1/data/listeriosis/cases/value/month
156,Lyme disease,lyme_borreliosis,2026,2,,2026-02-01,month,202602,126,CH,,TRUE,falling,2026-06-16,20260624,Switzerland FOPH IDD Mandatory Reporting System,https://www.idd.bag.admin.ch/api/v1/data/lyme_borreliosis/cases/value/month
157,Malaria,malaria,2026,2,,2026-02-01,month,202602,24,CHFL,,,stagnant,2026-06-23,20260624,Switzerland FOPH IDD Mandatory Reporting System,https://www.idd.bag.admin.ch/api/v1/data/malaria/cases/value/month
158,Measles,measles,2026,2,,2026-02-01,month,202602,0,CHFL,,,stagnant,2026-06-23,20260624,Switzerland FOPH IDD Mandatory Reporting System,https://www.idd.bag.admin.ch/api/v1/data/measles/cases/value/month
159,Q fever,qFever,2026,2,,2026-02-01,month,202602,8,CHFL,,,stagnant,2026-06-23,20260624,Switzerland FOPH IDD Mandatory Reporting System,https://www.idd.bag.admin.ch/api/v1/data/qFever/cases/value/month
160,SARS-CoV-2 (Covid-19),covid19,2026,2,,2026-02-01,month,202602,577,CHFL,,TRUE,falling,2026-06-23,20260624,Switzerland FOPH IDD Mandatory Reporting System,https://www.idd.bag.admin.ch/api/v1/data/covid19/cases/value/month
161,Salmonellosis,salmonellosis,2026,2,,2026-02-01,month,202602,89,CHFL,,TRUE,falling,2026-06-09,20260624,Switzerland FOPH IDD Mandatory Reporting System,https://www.idd.bag.admin.ch/api/v1/data/salmonellosis/cases/value/month
162,Shigellosis,shigellosis,2026,2,,2026-02-01,month,202602,15,CHFL,,TRUE,stagnant,2026-06-09,20260624,Switzerland FOPH IDD Mandatory Reporting System,https://www.idd.bag.admin.ch/api/v1/data/shigellosis/cases/value/month
163,Syphilis,syphilis,2026,2,,2026-02-01,month,202602,101,CHFL,,TRUE,,2026-06-02,20260624,Switzerland FOPH IDD Mandatory Reporting System,https://www.idd.bag.admin.ch/api/v1/data/syphilis/cases/value/month
164,Tick-borne encephalitis (TBE),tick-borne_encephalitis,2026,2,,2026-02-01,month,202602,3,CHFL,,TRUE,falling,2026-06-16,20260624,Switzerland FOPH IDD Mandatory Reporting System,https://www.idd.bag.admin.ch/api/v1/data/tick-borne_encephalitis/cases/value/month
165,Tuberculosis,tuberculosis,2026,2,,2026-02-01,month,202602,45,CHFL,,,stagnant,2026-06-23,20260624,Switzerland FOPH IDD Mandatory Reporting System,https://www.idd.bag.admin.ch/api/v1/data/tuberculosis/cases/value/month
166,Tularaemia,tularemia,2026,2,,2026-02-01,month,202602,5,CHFL,,TRUE,stagnant,2026-06-16,20260624,Switzerland FOPH IDD Mandatory Reporting System,https://www.idd.bag.admin.ch/api/v1/data/tularemia/cases/value/month
167,Campylobacteriosis,campylobacteriosis,2026,3,,2026-03-01,month,202603,509,CHFL,,TRUE,falling,2026-06-09,20260624,Switzerland FOPH IDD Mandatory Reporting System,https://www.idd.bag.admin.ch/api/v1/data/campylobacteriosis/cases/value/month
168,Chikungunya,chikungunya,2026,3,,2026-03-01,month,202603,10,CHFL,,,stagnant,2026-06-23,20260624,Switzerland FOPH IDD Mandatory Reporting System,https://www.idd.bag.admin.ch/api/v1/data/chikungunya/cases/value/month
169,Dengue fever,dengueFever,2026,3,,2026-03-01,month,202603,12,CHFL,,,stagnant,2026-06-23,20260624,Switzerland FOPH IDD Mandatory Reporting System,https://www.idd.bag.admin.ch/api/v1/data/dengueFever/cases/value/month
170,EHEC,ehec,2026,3,,2026-03-01,month,202603,103,CHFL,,TRUE,stagnant,2026-06-09,20260624,Switzerland FOPH IDD Mandatory Reporting System,https://www.idd.bag.admin.ch/api/v1/data/ehec/cases/value/month
171,Haemophilus influenzae disease,haemophilusInfluenzae,2026,3,,2026-03-01,month,202603,19,CHFL,,,stagnant,2026-06-23,20260624,Switzerland FOPH IDD Mandatory Reporting System,https://www.idd.bag.admin.ch/api/v1/data/haemophilusInfluenzae/cases/value/month
172,Hepatitis A,hepatitis_a,2026,3,,2026-03-01,month,202603,8,CHFL,,TRUE,stagnant,2026-06-09,20260624,Switzerland FOPH IDD Mandatory Reporting System,https://www.idd.bag.admin.ch/api/v1/data/hepatitis_a/cases/value/month
173,Hepatitis E,hepatitis_e,2026,3,,2026-03-01,month,202603,15,CHFL,,TRUE,stagnant,2026-06-09,20260624,Switzerland FOPH IDD Mandatory Reporting System,https://www.idd.bag.admin.ch/api/v1/data/hepatitis_e/cases/value/month
174,Influenza (Seasonal flu),influenza,2026,3,,2026-03-01,month,202603,393,CHFL,,TRUE,falling,2026-06-23,20260624,Switzerland FOPH IDD Mandatory Reporting System,https://www.idd.bag.admin.ch/api/v1/data/influenza/cases/value/month
175,Invasive pneumococcal disease,ipd,2026,3,,2026-03-01,month,202603,106,CHFL,,,falling,2026-06-23,20260624,Switzerland FOPH IDD Mandatory Reporting System,https://www.idd.bag.admin.ch/api/v1/data/ipd/cases/value/month
176,Legionellosis,legionellosis,2026,3,,2026-03-01,month,202603,29,CHFL,,,stagnant,2026-06-23,20260624,Switzerland FOPH IDD Mandatory Reporting System,https://www.idd.bag.admin.ch/api/v1/data/legionellosis/cases/value/month
177,Listeriosis,listeriosis,2026,3,,2026-03-01,month,202603,4,CHFL,,,falling,2026-06-23,20260624,Switzerland FOPH IDD Mandatory Reporting System,https://www.idd.bag.admin.ch/api/v1/data/listeriosis/cases/value/month
178,Lyme disease,lyme_borreliosis,2026,3,,2026-03-01,month,202603,253,CH,,TRUE,stagnant,2026-06-16,20260624,Switzerland FOPH IDD Mandatory Reporting System,https://www.idd.bag.admin.ch/api/v1/data/lyme_borreliosis/cases/value/month
179,Malaria,malaria,2026,3,,2026-03-01,month,202603,21,CHFL,,,stagnant,2026-06-23,20260624,Switzerland FOPH IDD Mandatory Reporting System,https://www.idd.bag.admin.ch/api/v1/data/malaria/cases/value/month
180,Measles,measles,2026,3,,2026-03-01,month,202603,2,CHFL,,,stagnant,2026-06-23,20260624,Switzerland FOPH IDD Mandatory Reporting System,https://www.idd.bag.admin.ch/api/v1/data/measles/cases/value/month
181,Q fever,qFever,2026,3,,2026-03-01,month,202603,3,CHFL,,,stagnant,2026-06-23,20260624,Switzerland FOPH IDD Mandatory Reporting System,https://www.idd.bag.admin.ch/api/v1/data/qFever/cases/value/month
182,SARS-CoV-2 (Covid-19),covid19,2026,3,,2026-03-01,month,202603,236,CHFL,,TRUE,falling,2026-06-23,20260624,Switzerland FOPH IDD Mandatory Reporting System,https://www.idd.bag.admin.ch/api/v1/data/covid19/cases/value/month
183,Salmonellosis,salmonellosis,2026,3,,2026-03-01,month,202603,120,CHFL,,TRUE,stagnant,2026-06-09,20260624,Switzerland FOPH IDD Mandatory Reporting System,https://www.idd.bag.admin.ch/api/v1/data/salmonellosis/cases/value/month
184,Shigellosis,shigellosis,2026,3,,2026-03-01,month,202603,19,CHFL,,TRUE,stagnant,2026-06-09,20260624,Switzerland FOPH IDD Mandatory Reporting System,https://www.idd.bag.admin.ch/api/v1/data/shigellosis/cases/value/month
185,Tick-borne encephalitis (TBE),tick-borne_encephalitis,2026,3,,2026-03-01,month,202603,10,CHFL,,TRUE,rising,2026-06-16,20260624,Switzerland FOPH IDD Mandatory Reporting System,https://www.idd.bag.admin.ch/api/v1/data/tick-borne_encephalitis/cases/value/month
186,Tuberculosis,tuberculosis,2026,3,,2026-03-01,month,202603,42,CHFL,,,stagnant,2026-06-23,20260624,Switzerland FOPH IDD Mandatory Reporting System,https://www.idd.bag.admin.ch/api/v1/data/tuberculosis/cases/value/month
187,Tularaemia,tularemia,2026,3,,2026-03-01,month,202603,6,CHFL,,TRUE,stagnant,2026-06-16,20260624,Switzerland FOPH IDD Mandatory Reporting System,https://www.idd.bag.admin.ch/api/v1/data/tularemia/cases/value/month
188,Campylobacteriosis,campylobacteriosis,2026,4,,2026-04-01,month,202604,562,CHFL,,TRUE,stagnant,2026-06-09,20260624,Switzerland FOPH IDD Mandatory Reporting System,https://www.idd.bag.admin.ch/api/v1/data/campylobacteriosis/cases/value/month
189,EHEC,ehec,2026,4,,2026-04-01,month,202604,109,CHFL,,TRUE,stagnant,2026-06-09,20260624,Switzerland FOPH IDD Mandatory Reporting System,https://www.idd.bag.admin.ch/api/v1/data/ehec/cases/value/month
190,Haemophilus influenzae disease,haemophilusInfluenzae,2026,4,,2026-04-01,month,202604,14,CHFL,,,stagnant,2026-06-23,20260624,Switzerland FOPH IDD Mandatory Reporting System,https://www.idd.bag.admin.ch/api/v1/data/haemophilusInfluenzae/cases/value/month
191,Hepatitis A,hepatitis_a,2026,4,,2026-04-01,month,202604,2,CHFL,,TRUE,stagnant,2026-06-09,20260624,Switzerland FOPH IDD Mandatory Reporting System,https://www.idd.bag.admin.ch/api/v1/data/hepatitis_a/cases/value/month
192,Hepatitis E,hepatitis_e,2026,4,,2026-04-01,month,202604,9,CHFL,,TRUE,stagnant,2026-06-09,20260624,Switzerland FOPH IDD Mandatory Reporting System,https://www.idd.bag.admin.ch/api/v1/data/hepatitis_e/cases/value/month
193,Influenza (Seasonal flu),influenza,2026,4,,2026-04-01,month,202604,98,CHFL,,TRUE,falling,2026-06-23,20260624,Switzerland FOPH IDD Mandatory Reporting System,https://www.idd.bag.admin.ch/api/v1/data/influenza/cases/value/month
194,Invasive pneumococcal disease,ipd,2026,4,,2026-04-01,month,202604,103,CHFL,,,falling,2026-06-23,20260624,Switzerland FOPH IDD Mandatory Reporting System,https://www.idd.bag.admin.ch/api/v1/data/ipd/cases/value/month
195,Listeriosis,listeriosis,2026,4,,2026-04-01,month,202604,3,CHFL,,,stagnant,2026-06-23,20260624,Switzerland FOPH IDD Mandatory Reporting System,https://www.idd.bag.admin.ch/api/v1/data/listeriosis/cases/value/month
196,Lyme disease,lyme_borreliosis,2026,4,,2026-04-01,month,202604,380,CH,,TRUE,rising,2026-06-16,20260624,Switzerland FOPH IDD Mandatory Reporting System,https://www.idd.bag.admin.ch/api/v1/data/lyme_borreliosis/cases/value/month
197,Malaria,malaria,2026,4,,2026-04-01,month,202604,16,CHFL,,,falling,2026-06-23,20260624,Switzerland FOPH IDD Mandatory Reporting System,https://www.idd.bag.admin.ch/api/v1/data/malaria/cases/value/month
198,Measles,measles,2026,4,,2026-04-01,month,202604,7,CHFL,,,rising,2026-06-23,20260624,Switzerland FOPH IDD Mandatory Reporting System,https://www.idd.bag.admin.ch/api/v1/data/measles/cases/value/month
199,Q fever,qFever,2026,4,,2026-04-01,month,202604,7,CHFL,,,stagnant,2026-06-23,20260624,Switzerland FOPH IDD Mandatory Reporting System,https://www.idd.bag.admin.ch/api/v1/data/qFever/cases/value/month
200,SARS-CoV-2 (Covid-19),covid19,2026,4,,2026-04-01,month,202604,97,CHFL,,TRUE,stagnant,2026-06-23,20260624,Switzerland FOPH IDD Mandatory Reporting System,https://www.idd.bag.admin.ch/api/v1/data/covid19/cases/value/month
201,Salmonellosis,salmonellosis,2026,4,,2026-04-01,month,202604,141,CHFL,,TRUE,stagnant,2026-06-09,20260624,Switzerland FOPH IDD Mandatory Reporting System,https://www.idd.bag.admin.ch/api/v1/data/salmonellosis/cases/value/month
202,Shigellosis,shigellosis,2026,4,,2026-04-01,month,202604,17,CHFL,,TRUE,stagnant,2026-06-09,20260624,Switzerland FOPH IDD Mandatory Reporting System,https://www.idd.bag.admin.ch/api/v1/data/shigellosis/cases/value/month
203,Tick-borne encephalitis (TBE),tick-borne_encephalitis,2026,4,,2026-04-01,month,202604,33,CHFL,,TRUE,rising,2026-06-16,20260624,Switzerland FOPH IDD Mandatory Reporting System,https://www.idd.bag.admin.ch/api/v1/data/tick-borne_encephalitis/cases/value/month
204,Tularaemia,tularemia,2026,4,,2026-04-01,month,202604,9,CHFL,,TRUE,stagnant,2026-06-16,20260624,Switzerland FOPH IDD Mandatory Reporting System,https://www.idd.bag.admin.ch/api/v1/data/tularemia/cases/value/month
205,Campylobacteriosis,campylobacteriosis,2026,5,,2026-05-01,month,202605,850,CHFL,,TRUE,rising,2026-06-09,20260624,Switzerland FOPH IDD Mandatory Reporting System,https://www.idd.bag.admin.ch/api/v1/data/campylobacteriosis/cases/value/month
206,EHEC,ehec,2026,5,,2026-05-01,month,202605,128,CHFL,,TRUE,rising,2026-06-09,20260624,Switzerland FOPH IDD Mandatory Reporting System,https://www.idd.bag.admin.ch/api/v1/data/ehec/cases/value/month
207,Hepatitis A,hepatitis_a,2026,5,,2026-05-01,month,202605,5,CHFL,,TRUE,stagnant,2026-06-09,20260624,Switzerland FOPH IDD Mandatory Reporting System,https://www.idd.bag.admin.ch/api/v1/data/hepatitis_a/cases/value/month
208,Hepatitis E,hepatitis_e,2026,5,,2026-05-01,month,202605,7,CHFL,,TRUE,stagnant,2026-06-09,20260624,Switzerland FOPH IDD Mandatory Reporting System,https://www.idd.bag.admin.ch/api/v1/data/hepatitis_e/cases/value/month
209,Influenza (Seasonal flu),influenza,2026,5,,2026-05-01,month,202605,42,CHFL,,TRUE,falling,2026-06-23,20260624,Switzerland FOPH IDD Mandatory Reporting System,https://www.idd.bag.admin.ch/api/v1/data/influenza/cases/value/month
210,Lyme disease,lyme_borreliosis,2026,5,,2026-05-01,month,202605,845,CH,,TRUE,rising,2026-06-16,20260624,Switzerland FOPH IDD Mandatory Reporting System,https://www.idd.bag.admin.ch/api/v1/data/lyme_borreliosis/cases/value/month
211,SARS-CoV-2 (Covid-19),covid19,2026,5,,2026-05-01,month,202605,56,CHFL,,TRUE,falling,2026-06-23,20260624,Switzerland FOPH IDD Mandatory Reporting System,https://www.idd.bag.admin.ch/api/v1/data/covid19/cases/value/month
212,Salmonellosis,salmonellosis,2026,5,,2026-05-01,month,202605,125,CHFL,,TRUE,rising,2026-06-09,20260624,Switzerland FOPH IDD Mandatory Reporting System,https://www.idd.bag.admin.ch/api/v1/data/salmonellosis/cases/value/month
213,Shigellosis,shigellosis,2026,5,,2026-05-01,month,202605,17,CHFL,,TRUE,stagnant,2026-06-09,20260624,Switzerland FOPH IDD Mandatory Reporting System,https://www.idd.bag.admin.ch/api/v1/data/shigellosis/cases/value/month
214,Tick-borne encephalitis (TBE),tick-borne_encephalitis,2026,5,,2026-05-01,month,202605,60,CHFL,,TRUE,rising,2026-06-16,20260624,Switzerland FOPH IDD Mandatory Reporting System,https://www.idd.bag.admin.ch/api/v1/data/tick-borne_encephalitis/cases/value/month
215,Tularaemia,tularemia,2026,5,,2026-05-01,month,202605,9,CHFL,,TRUE,stagnant,2026-06-16,20260624,Switzerland FOPH IDD Mandatory Reporting System,https://www.idd.bag.admin.ch/api/v1/data/tularemia/cases/value/month
