Date,YearMonthDay,YearMonth,Diseases,DiseasesCN,Cases,Deaths,Incidence,Mortality,ProvinceCN,Province,ADCode,DOI,URL,Source,disease_id,standard_name_en,standard_name_zh
2026-01-01,2026/01/01,2026 January,Total,甲乙丙类传染病总计,1898294,1930,,,全国,China,100000,,https://www.ndcpa.gov.cn/jbkzzx/c100016/common/content/content_2020779043559215104.html,Gov Data,D999,Total,甲乙丙类传染病总计
2026-01-01,2026/01/01,2026 January,Plague,鼠疫,0,0,,,全国,China,100000,,https://www.ndcpa.gov.cn/jbkzzx/c100016/common/content/content_2020779043559215104.html,Gov Data,D001,Plague,鼠疫
2026-01-01,2026/01/01,2026 January,Cholera,霍乱,0,0,,,全国,China,100000,,https://www.ndcpa.gov.cn/jbkzzx/c100016/common/content/content_2020779043559215104.html,Gov Data,D002,Cholera,霍乱
2026-01-01,2026/01/01,2026 January,COVID-19,新型冠状病毒感染,17916,1,,,全国,China,100000,,https://www.ndcpa.gov.cn/jbkzzx/c100016/common/content/content_2020779043559215104.html,Gov Data,D004,COVID-19,新型冠状病毒感染
2026-01-01,2026/01/01,2026 January,SARS,传染性非典型肺炎,0,0,,,全国,China,100000,,https://www.ndcpa.gov.cn/jbkzzx/c100016/common/content/content_2020779043559215104.html,Gov Data,D003,SARS,传染性非典型肺炎
2026-01-01,2026/01/01,2026 January,HIV/AIDS,艾滋病,2805,1649,,,全国,China,100000,,https://www.ndcpa.gov.cn/jbkzzx/c100016/common/content/content_2020779043559215104.html,Gov Data,D005,HIV/AIDS,艾滋病
2026-01-01,2026/01/01,2026 January,Viral Hepatitis,病毒性肝炎,127961,70,,,全国,China,100000,,https://www.ndcpa.gov.cn/jbkzzx/c100016/common/content/content_2020779043559215104.html,Gov Data,D006,Viral Hepatitis,病毒性肝炎
2026-01-01,2026/01/01,2026 January,Hepatitis A,甲型肝炎,1167,0,,,全国,China,100000,,https://www.ndcpa.gov.cn/jbkzzx/c100016/common/content/content_2020779043559215104.html,Gov Data,D007,Hepatitis A,甲型肝炎
2026-01-01,2026/01/01,2026 January,Hepatitis B,乙型肝炎,109248,37,,,全国,China,100000,,https://www.ndcpa.gov.cn/jbkzzx/c100016/common/content/content_2020779043559215104.html,Gov Data,D008,Hepatitis B,乙型肝炎
2026-01-01,2026/01/01,2026 January,Hepatitis C,丙型肝炎,14084,31,,,全国,China,100000,,https://www.ndcpa.gov.cn/jbkzzx/c100016/common/content/content_2020779043559215104.html,Gov Data,D009,Hepatitis C,丙型肝炎
2026-01-01,2026/01/01,2026 January,Hepatitis D,丁型肝炎,25,0,,,全国,China,100000,,https://www.ndcpa.gov.cn/jbkzzx/c100016/common/content/content_2020779043559215104.html,Gov Data,D010,Hepatitis D,丁型肝炎
2026-01-01,2026/01/01,2026 January,Hepatitis E,戊型肝炎,2865,2,,,全国,China,100000,,https://www.ndcpa.gov.cn/jbkzzx/c100016/common/content/content_2020779043559215104.html,Gov Data,D011,Hepatitis E,戊型肝炎
2026-01-01,2026/01/01,2026 January,Other Hepatitis,未分型肝炎,572,0,,,全国,China,100000,,https://www.ndcpa.gov.cn/jbkzzx/c100016/common/content/content_2020779043559215104.html,Gov Data,D012,Other Hepatitis,未分型肝炎
2026-01-01,2026/01/01,2026 January,Poliomyelitis,脊髓灰质炎,0,0,,,全国,China,100000,,https://www.ndcpa.gov.cn/jbkzzx/c100016/common/content/content_2020779043559215104.html,Gov Data,D013,Poliomyelitis,脊髓灰质炎
2026-01-01,2026/01/01,2026 January,Novel influenza A,人感染新亚型流感,3,0,,,全国,China,100000,,https://www.ndcpa.gov.cn/jbkzzx/c100016/common/content/content_2020779043559215104.html,Gov Data,D016,Novel influenza A,人感染新亚型流感
2026-01-01,2026/01/01,2026 January,Measles,麻疹,138,0,,,全国,China,100000,,https://www.ndcpa.gov.cn/jbkzzx/c100016/common/content/content_2020779043559215104.html,Gov Data,D017,Measles,麻疹
2026-01-01,2026/01/01,2026 January,Hemorrhagic Fever,流行性出血热,336,6,,,全国,China,100000,,https://www.ndcpa.gov.cn/jbkzzx/c100016/common/content/content_2020779043559215104.html,Gov Data,D018,Hemorrhagic Fever,流行性出血热
2026-01-01,2026/01/01,2026 January,Rabies,狂犬病,31,33,,,全国,China,100000,,https://www.ndcpa.gov.cn/jbkzzx/c100016/common/content/content_2020779043559215104.html,Gov Data,D019,Rabies,狂犬病
2026-01-01,2026/01/01,2026 January,Japanese Encephalitis,流行性乙型脑炎,0,1,,,全国,China,100000,,https://www.ndcpa.gov.cn/jbkzzx/c100016/common/content/content_2020779043559215104.html,Gov Data,D020,Japanese Encephalitis,流行性乙型脑炎
2026-01-01,2026/01/01,2026 January,Dengue,登革热,93,0,,,全国,China,100000,,https://www.ndcpa.gov.cn/jbkzzx/c100016/common/content/content_2020779043559215104.html,Gov Data,D021,Dengue,登革热
2026-01-01,2026/01/01,2026 January,Monkeypox,猴痘,28,0,,,全国,China,100000,,https://www.ndcpa.gov.cn/jbkzzx/c100016/common/content/content_2020779043559215104.html,Gov Data,D065,Monkeypox,猴痘
2026-01-01,2026/01/01,2026 January,Anthrax,炭疽,12,0,,,全国,China,100000,,https://www.ndcpa.gov.cn/jbkzzx/c100016/common/content/content_2020779043559215104.html,Gov Data,D023,Anthrax,炭疽
2026-01-01,2026/01/01,2026 January,Dysentery,细菌性和阿米巴性痢疾,1481,0,,,全国,China,100000,,https://www.ndcpa.gov.cn/jbkzzx/c100016/common/content/content_2020779043559215104.html,Gov Data,D024,Dysentery,细菌性和阿米巴性痢疾
2026-01-01,2026/01/01,2026 January,Tuberculosis,肺结核,52889,164,,,全国,China,100000,,https://www.ndcpa.gov.cn/jbkzzx/c100016/common/content/content_2020779043559215104.html,Gov Data,D025,Tuberculosis,肺结核
2026-01-01,2026/01/01,2026 January,Typhoid and Paratyphoid fever,伤寒和副伤寒,252,0,,,全国,China,100000,,https://www.ndcpa.gov.cn/jbkzzx/c100016/common/content/content_2020779043559215104.html,Gov Data,D026,Typhoid and Paratyphoid fever,伤寒和副伤寒
2026-01-01,2026/01/01,2026 January,Meningococcal disease,脑膜炎球菌病,23,2,,,全国,China,100000,,https://www.ndcpa.gov.cn/jbkzzx/c100016/common/content/content_2020779043559215104.html,Gov Data,D110,Meningococcal disease,脑膜炎球菌病
2026-01-01,2026/01/01,2026 January,Pertussis,百日咳,971,0,,,全国,China,100000,,https://www.ndcpa.gov.cn/jbkzzx/c100016/common/content/content_2020779043559215104.html,Gov Data,D028,Pertussis,百日咳
2026-01-01,2026/01/01,2026 January,Diphtheria,白喉,0,0,,,全国,China,100000,,https://www.ndcpa.gov.cn/jbkzzx/c100016/common/content/content_2020779043559215104.html,Gov Data,D029,Diphtheria,白喉
2026-01-01,2026/01/01,2026 January,Neonatal Tetanus,新生儿破伤风,1,0,,,全国,China,100000,,https://www.ndcpa.gov.cn/jbkzzx/c100016/common/content/content_2020779043559215104.html,Gov Data,D030,Neonatal Tetanus,新生儿破伤风
2026-01-01,2026/01/01,2026 January,Scarlet fever,猩红热,2935,0,,,全国,China,100000,,https://www.ndcpa.gov.cn/jbkzzx/c100016/common/content/content_2020779043559215104.html,Gov Data,D031,Scarlet fever,猩红热
2026-01-01,2026/01/01,2026 January,Brucellosis,布鲁氏菌病,3766,0,,,全国,China,100000,,https://www.ndcpa.gov.cn/jbkzzx/c100016/common/content/content_2020779043559215104.html,Gov Data,D032,Brucellosis,布鲁氏菌病
2026-01-01,2026/01/01,2026 January,Gonorrhea,淋病,10415,0,,,全国,China,100000,,https://www.ndcpa.gov.cn/jbkzzx/c100016/common/content/content_2020779043559215104.html,Gov Data,D033,Gonorrhea,淋病
2026-01-01,2026/01/01,2026 January,Syphilis,梅毒,55170,0,,,全国,China,100000,,https://www.ndcpa.gov.cn/jbkzzx/c100016/common/content/content_2020779043559215104.html,Gov Data,D034,Syphilis,梅毒
2026-01-01,2026/01/01,2026 January,Leptospirosis,钩端螺旋体病,11,1,,,全国,China,100000,,https://www.ndcpa.gov.cn/jbkzzx/c100016/common/content/content_2020779043559215104.html,Gov Data,D035,Leptospirosis,钩端螺旋体病
2026-01-01,2026/01/01,2026 January,Schistosomiasis,血吸虫病,1,0,,,全国,China,100000,,https://www.ndcpa.gov.cn/jbkzzx/c100016/common/content/content_2020779043559215104.html,Gov Data,D036,Schistosomiasis,血吸虫病
2026-01-01,2026/01/01,2026 January,Malaria,疟疾,383,0,,,全国,China,100000,,https://www.ndcpa.gov.cn/jbkzzx/c100016/common/content/content_2020779043559215104.html,Gov Data,D037,Malaria,疟疾
2026-01-01,2026/01/01,2026 January,Influenza,流行性感冒,1361570,3,,,全国,China,100000,,https://www.ndcpa.gov.cn/jbkzzx/c100016/common/content/content_2020779043559215104.html,Gov Data,D038,Influenza,流行性感冒
2026-01-01,2026/01/01,2026 January,Mumps,流行性腮腺炎,4842,0,,,全国,China,100000,,https://www.ndcpa.gov.cn/jbkzzx/c100016/common/content/content_2020779043559215104.html,Gov Data,D039,Mumps,流行性腮腺炎
2026-01-01,2026/01/01,2026 January,Rubella,风疹,30,0,,,全国,China,100000,,https://www.ndcpa.gov.cn/jbkzzx/c100016/common/content/content_2020779043559215104.html,Gov Data,D040,Rubella,风疹
2026-01-01,2026/01/01,2026 January,Acute Hemorrhagic Conjunctivitis,急性出血性结膜炎,1634,0,,,全国,China,100000,,https://www.ndcpa.gov.cn/jbkzzx/c100016/common/content/content_2020779043559215104.html,Gov Data,D041,Acute Hemorrhagic Conjunctivitis,急性出血性结膜炎
2026-01-01,2026/01/01,2026 January,Leprosy,麻风病,24,0,,,全国,China,100000,,https://www.ndcpa.gov.cn/jbkzzx/c100016/common/content/content_2020779043559215104.html,Gov Data,D042,Leprosy,麻风病
2026-01-01,2026/01/01,2026 January,Typhus,流行性和地方性斑疹伤寒,51,0,,,全国,China,100000,,https://www.ndcpa.gov.cn/jbkzzx/c100016/common/content/content_2020779043559215104.html,Gov Data,D043,Typhus,流行性和地方性斑疹伤寒
2026-01-01,2026/01/01,2026 January,Kala-azar,黑热病,39,0,,,全国,China,100000,,https://www.ndcpa.gov.cn/jbkzzx/c100016/common/content/content_2020779043559215104.html,Gov Data,D044,Kala-azar,黑热病
2026-01-01,2026/01/01,2026 January,Echinococcosis,包虫病,451,0,,,全国,China,100000,,https://www.ndcpa.gov.cn/jbkzzx/c100016/common/content/content_2020779043559215104.html,Gov Data,D045,Echinococcosis,包虫病
2026-01-01,2026/01/01,2026 January,Filariasis,丝虫病,0,0,,,全国,China,100000,,https://www.ndcpa.gov.cn/jbkzzx/c100016/common/content/content_2020779043559215104.html,Gov Data,D046,Filariasis,丝虫病
2026-01-01,2026/01/01,2026 January,Hand-Foot-Mouth Disease,手足口病,66264,0,,,全国,China,100000,,https://www.ndcpa.gov.cn/jbkzzx/c100016/common/content/content_2020779043559215104.html,Gov Data,D048,Hand-Foot-Mouth Disease,手足口病
2026-01-01,2026/01/01,2026 January,Infectious Diarrhea,其他感染性腹泻病,185768,0,,,全国,China,100000,,https://www.ndcpa.gov.cn/jbkzzx/c100016/common/content/content_2020779043559215104.html,Gov Data,D047,Infectious Diarrhea,其他感染性腹泻病
2026-01-01,2026/01/01,2026 January,MERS,中东呼吸综合征,0,0,,,全国,China,100000,,https://www.ndcpa.gov.cn/jbkzzx/c100016/common/content/content_2020779043559215104.html,Gov Data,D049,MERS,中东呼吸综合征
2026-01-01,2026/01/01,2026 January,Ebola,埃博拉出血热,0,0,,,全国,China,100000,,https://www.ndcpa.gov.cn/jbkzzx/c100016/common/content/content_2020779043559215104.html,Gov Data,D050,Ebola,埃博拉出血热
2026-01-01,2026/01/01,2026 January,Zika virus disease,寨卡病毒病,0,0,,,全国,China,100000,,https://www.ndcpa.gov.cn/jbkzzx/c100016/common/content/content_2020779043559215104.html,Gov Data,D051,Zika virus disease,寨卡病毒病
2026-01-01,2026/01/01,2026 January,Chikungunya,基孔肯雅热,4,0,,,全国,China,100000,,https://www.ndcpa.gov.cn/jbkzzx/c100016/common/content/content_2020779043559215104.html,Gov Data,D052,Chikungunya,基孔肯雅热
2026-01-01,2026/01/01,2026 January,Lassa,拉沙热,1,0,,,全国,China,100000,,https://www.ndcpa.gov.cn/jbkzzx/c100016/common/content/content_2020779043559215104.html,Gov Data,D053,Lassa,拉沙热
2026-01-01,2026/01/01,2026 January,Varicella,水痘,58927,1,,,全国,China,100000,,https://www.ndcpa.gov.cn/jbkzzx/c100016/common/content/content_2020779043559215104.html,Gov Data,D054,Varicella,水痘
2026-01-01,2026/01/01,2026 January,Clonorchiasis,肝吸虫病,9408,0,,,全国,China,100000,,https://www.ndcpa.gov.cn/jbkzzx/c100016/common/content/content_2020779043559215104.html,Gov Data,D055,Clonorchiasis,肝吸虫病
2026-01-01,2026/01/01,2026 January,Streptococcus suis,人感染猪链球菌病,25,1,,,全国,China,100000,,https://www.ndcpa.gov.cn/jbkzzx/c100016/common/content/content_2020779043559215104.html,Gov Data,D056,Streptococcus suis,人感染猪链球菌病
2026-01-01,2026/01/01,2026 January,SFTS,发热伴血小板减少综合征,1,0,,,全国,China,100000,,https://www.ndcpa.gov.cn/jbkzzx/c100016/common/content/content_2020779043559215104.html,Gov Data,D057,SFTS,发热伴血小板减少综合征
