,Disease,DiseaseFull,Group,Year,Month,Date,Cases,Population,Incidence
1,Anthrax,Anthrax,national_total,2026,4,2026-04-01,0,,
2,Australian bat lyssavirus infection,Australian bat lyssavirus infection,national_total,2026,4,2026-04-01,0,,
3,Avian influenza in humans (AIH),Avian influenza in humans (AIH),national_total,2026,4,2026-04-01,0,,
4,Barmah Forest virus infection,Barmah Forest virus infection,national_total,2026,4,2026-04-01,13,,
5,Botulism,Botulism,national_total,2026,4,2026-04-01,0,,
6,Brucellosis,Brucellosis,national_total,2026,4,2026-04-01,0,,
7,CJD,CJD,national_total,2026,4,2026-04-01,0,,
8,COVID-19,COVID-19,national_total,2026,4,2026-04-01,7667,,
9,Campylobacteriosis,Campylobacteriosis,national_total,2026,4,2026-04-01,2909,,
10,Chancroid,Chancroid,national_total,2026,4,2026-04-01,0,,
11,Chikungunya virus infection,Chikungunya virus infection,national_total,2026,4,2026-04-01,0,,
12,Chlamydial infection,Chlamydial infection,national_total,2026,4,2026-04-01,7394,,
13,Cholera,Cholera,national_total,2026,4,2026-04-01,0,,
14,Cryptosporidiosis,Cryptosporidiosis,national_total,2026,4,2026-04-01,217,,
15,Dengue virus infection,Dengue virus infection,national_total,2026,4,2026-04-01,65,,
16,Diphtheria,Diphtheria,national_total,2026,4,2026-04-01,113,,
17,Donovanosis,Donovanosis,national_total,2026,4,2026-04-01,0,,
18,Flavivirus infection (unspecified),Flavivirus infection (unspecified),national_total,2026,4,2026-04-01,0,,
19,Gonococcal infection,Gonococcal infection,national_total,2026,4,2026-04-01,3761,,
20,Haemolytic uraemic syndrome (HUS),Haemolytic uraemic syndrome (HUS),national_total,2026,4,2026-04-01,0,,
21,Haemophilus influenzae type b,Haemophilus influenzae type b,national_total,2026,4,2026-04-01,0,,
22,Hepatitis (NEC),Hepatitis (NEC),national_total,2026,4,2026-04-01,0,,
23,Hepatitis A,Hepatitis A,national_total,2026,4,2026-04-01,10,,
24,Hepatitis B (newly acquired),Hepatitis B (newly acquired),national_total,2026,4,2026-04-01,0,,
25,Hepatitis B (unspecified),Hepatitis B (unspecified),national_total,2026,4,2026-04-01,414,,
26,Hepatitis C (newly acquired),Hepatitis C (newly acquired),national_total,2026,4,2026-04-01,72,,
27,Hepatitis C (unspecified),Hepatitis C (unspecified),national_total,2026,4,2026-04-01,494,,
28,Hepatitis D,Hepatitis D,national_total,2026,4,2026-04-01,0,,
29,Hepatitis E,Hepatitis E,national_total,2026,4,2026-04-01,0,,
30,Hydatid infection,Hydatid infection,national_total,2026,4,2026-04-01,0,,
31,Influenza (laboratory confirmed),Influenza (laboratory confirmed),national_total,2026,4,2026-04-01,3812,,
32,Invasive Group A Streptococcal disease (iGAS),Invasive Group A Streptococcal disease (iGAS),national_total,2026,4,2026-04-01,123,,
33,Japanese encephalitis virus infection,Japanese encephalitis virus infection,national_total,2026,4,2026-04-01,0,,
34,Legionellosis,Legionellosis,national_total,2026,4,2026-04-01,38,,
35,Leprosy,Leprosy,national_total,2026,4,2026-04-01,0,,
36,Leptospirosis,Leptospirosis,national_total,2026,4,2026-04-01,10,,
37,Listeriosis,Listeriosis,national_total,2026,4,2026-04-01,0,,
38,Malaria,Malaria,national_total,2026,4,2026-04-01,17,,
39,Measles,Measles,national_total,2026,4,2026-04-01,6,,
40,Meningococcal disease (invasive),Meningococcal disease (invasive),national_total,2026,4,2026-04-01,0,,
41,Mpox,Mpox,national_total,2026,4,2026-04-01,56,,
42,Mumps,Mumps,national_total,2026,4,2026-04-01,8,,
43,Murray Valley encephalitis virus infection,Murray Valley encephalitis virus infection,national_total,2026,4,2026-04-01,0,,
44,NON TB MYCO,NON TB MYCO,national_total,2026,4,2026-04-01,0,,
45,Ornithosis,Ornithosis,national_total,2026,4,2026-04-01,0,,
46,Paratyphoid,Paratyphoid,national_total,2026,4,2026-04-01,6,,
47,Pertussis,Pertussis,national_total,2026,4,2026-04-01,678,,
48,Pneumococcal disease (invasive),Pneumococcal disease (invasive),national_total,2026,4,2026-04-01,151,,
49,Poliovirus infection,Poliovirus infection,national_total,2026,4,2026-04-01,0,,
50,Q fever,Q fever,national_total,2026,4,2026-04-01,58,,
51,Respiratory syncytial virus (RSV),Respiratory syncytial virus (RSV),national_total,2026,4,2026-04-01,12101,,
52,Ross River virus infection,Ross River virus infection,national_total,2026,4,2026-04-01,294,,
53,Rotavirus,Rotavirus,national_total,2026,4,2026-04-01,345,,
54,Rubella,Rubella,national_total,2026,4,2026-04-01,0,,
55,Rubella congenital,Rubella congenital,national_total,2026,4,2026-04-01,0,,
56,STEC,STEC,national_total,2026,4,2026-04-01,72,,
57,Salmonellosis,Salmonellosis,national_total,2026,4,2026-04-01,1378,,
58,Shigellosis,Shigellosis,national_total,2026,4,2026-04-01,251,,
59,Syphilis,Syphilis,national_total,2026,4,2026-04-01,0,,
60,Syphilis < 2 years,Syphilis < 2 years,national_total,2026,4,2026-04-01,427,,
61,Syphilis > 2 years or unspecified duration,Syphilis > 2 years or unspecified duration,national_total,2026,4,2026-04-01,242,,
62,Syphilis congenital,Syphilis congenital,national_total,2026,4,2026-04-01,0,,
63,Tetanus,Tetanus,national_total,2026,4,2026-04-01,0,,
64,Tuberculosis,Tuberculosis,national_total,2026,4,2026-04-01,121,,
65,Tularaemia,Tularaemia,national_total,2026,4,2026-04-01,0,,
66,Typhoid Fever,Typhoid Fever,national_total,2026,4,2026-04-01,8,,
67,Varicella zoster (chickenpox),Varicella zoster (chickenpox),national_total,2026,4,2026-04-01,188,,
68,Varicella zoster (shingles),Varicella zoster (shingles),national_total,2026,4,2026-04-01,847,,
69,Varicella zoster (unspecified),Varicella zoster (unspecified),national_total,2026,4,2026-04-01,1804,,
70,Vibrio parahaemolyticus infection,Vibrio parahaemolyticus infection,national_total,2026,4,2026-04-01,47,,
71,West Nile/Kunjin virus infection,West Nile/Kunjin virus infection,national_total,2026,4,2026-04-01,0,,
72,Yersiniosis (NEC),Yersiniosis (NEC),national_total,2026,4,2026-04-01,0,,
73,Anthrax,Anthrax,national_total,2026,5,2026-05-01,0,,
74,Australian bat lyssavirus infection,Australian bat lyssavirus infection,national_total,2026,5,2026-05-01,0,,
75,Avian influenza in humans (AIH),Avian influenza in humans (AIH),national_total,2026,5,2026-05-01,0,,
76,Barmah Forest virus infection,Barmah Forest virus infection,national_total,2026,5,2026-05-01,13,,
77,Botulism,Botulism,national_total,2026,5,2026-05-01,0,,
78,Brucellosis,Brucellosis,national_total,2026,5,2026-05-01,0,,
79,CJD,CJD,national_total,2026,5,2026-05-01,0,,
80,COVID-19,COVID-19,national_total,2026,5,2026-05-01,8272,,
81,Campylobacteriosis,Campylobacteriosis,national_total,2026,5,2026-05-01,2808,,
82,Chancroid,Chancroid,national_total,2026,5,2026-05-01,0,,
83,Chikungunya virus infection,Chikungunya virus infection,national_total,2026,5,2026-05-01,0,,
84,Chlamydial infection,Chlamydial infection,national_total,2026,5,2026-05-01,7078,,
85,Cholera,Cholera,national_total,2026,5,2026-05-01,0,,
86,Cryptosporidiosis,Cryptosporidiosis,national_total,2026,5,2026-05-01,181,,
87,Dengue virus infection,Dengue virus infection,national_total,2026,5,2026-05-01,24,,
88,Diphtheria,Diphtheria,national_total,2026,5,2026-05-01,94,,
89,Donovanosis,Donovanosis,national_total,2026,5,2026-05-01,0,,
90,Flavivirus infection (unspecified),Flavivirus infection (unspecified),national_total,2026,5,2026-05-01,0,,
91,Gonococcal infection,Gonococcal infection,national_total,2026,5,2026-05-01,3371,,
92,Haemolytic uraemic syndrome (HUS),Haemolytic uraemic syndrome (HUS),national_total,2026,5,2026-05-01,0,,
93,Haemophilus influenzae type b,Haemophilus influenzae type b,national_total,2026,5,2026-05-01,0,,
94,Hepatitis (NEC),Hepatitis (NEC),national_total,2026,5,2026-05-01,0,,
95,Hepatitis A,Hepatitis A,national_total,2026,5,2026-05-01,0,,
96,Hepatitis B (newly acquired),Hepatitis B (newly acquired),national_total,2026,5,2026-05-01,0,,
97,Hepatitis B (unspecified),Hepatitis B (unspecified),national_total,2026,5,2026-05-01,474,,
98,Hepatitis C (newly acquired),Hepatitis C (newly acquired),national_total,2026,5,2026-05-01,44,,
99,Hepatitis C (unspecified),Hepatitis C (unspecified),national_total,2026,5,2026-05-01,559,,
100,Hepatitis D,Hepatitis D,national_total,2026,5,2026-05-01,0,,
101,Hepatitis E,Hepatitis E,national_total,2026,5,2026-05-01,0,,
102,Hydatid infection,Hydatid infection,national_total,2026,5,2026-05-01,0,,
103,Influenza (laboratory confirmed),Influenza (laboratory confirmed),national_total,2026,5,2026-05-01,3736,,
104,Invasive Group A Streptococcal disease (iGAS),Invasive Group A Streptococcal disease (iGAS),national_total,2026,5,2026-05-01,114,,
105,Japanese encephalitis virus infection,Japanese encephalitis virus infection,national_total,2026,5,2026-05-01,0,,
106,Legionellosis,Legionellosis,national_total,2026,5,2026-05-01,42,,
107,Leprosy,Leprosy,national_total,2026,5,2026-05-01,0,,
108,Leptospirosis,Leptospirosis,national_total,2026,5,2026-05-01,7,,
109,Listeriosis,Listeriosis,national_total,2026,5,2026-05-01,0,,
110,Malaria,Malaria,national_total,2026,5,2026-05-01,9,,
111,Measles,Measles,national_total,2026,5,2026-05-01,0,,
112,Meningococcal disease (invasive),Meningococcal disease (invasive),national_total,2026,5,2026-05-01,0,,
113,Mpox,Mpox,national_total,2026,5,2026-05-01,40,,
114,Mumps,Mumps,national_total,2026,5,2026-05-01,6,,
115,Murray Valley encephalitis virus infection,Murray Valley encephalitis virus infection,national_total,2026,5,2026-05-01,0,,
116,NON TB MYCO,NON TB MYCO,national_total,2026,5,2026-05-01,0,,
117,Ornithosis,Ornithosis,national_total,2026,5,2026-05-01,0,,
118,Paratyphoid,Paratyphoid,national_total,2026,5,2026-05-01,0,,
119,Pertussis,Pertussis,national_total,2026,5,2026-05-01,669,,
120,Pneumococcal disease (invasive),Pneumococcal disease (invasive),national_total,2026,5,2026-05-01,160,,
121,Poliovirus infection,Poliovirus infection,national_total,2026,5,2026-05-01,0,,
122,Q fever,Q fever,national_total,2026,5,2026-05-01,32,,
123,Respiratory syncytial virus (RSV),Respiratory syncytial virus (RSV),national_total,2026,5,2026-05-01,14520,,
124,Ross River virus infection,Ross River virus infection,national_total,2026,5,2026-05-01,226,,
125,Rotavirus,Rotavirus,national_total,2026,5,2026-05-01,283,,
126,Rubella,Rubella,national_total,2026,5,2026-05-01,0,,
127,Rubella congenital,Rubella congenital,national_total,2026,5,2026-05-01,0,,
128,STEC,STEC,national_total,2026,5,2026-05-01,55,,
129,Salmonellosis,Salmonellosis,national_total,2026,5,2026-05-01,971,,
130,Shigellosis,Shigellosis,national_total,2026,5,2026-05-01,175,,
131,Syphilis,Syphilis,national_total,2026,5,2026-05-01,0,,
132,Syphilis < 2 years,Syphilis < 2 years,national_total,2026,5,2026-05-01,333,,
133,Syphilis > 2 years or unspecified duration,Syphilis > 2 years or unspecified duration,national_total,2026,5,2026-05-01,219,,
134,Syphilis congenital,Syphilis congenital,national_total,2026,5,2026-05-01,0,,
135,Tetanus,Tetanus,national_total,2026,5,2026-05-01,0,,
136,Tuberculosis,Tuberculosis,national_total,2026,5,2026-05-01,106,,
137,Tularaemia,Tularaemia,national_total,2026,5,2026-05-01,0,,
138,Typhoid Fever,Typhoid Fever,national_total,2026,5,2026-05-01,0,,
139,Varicella zoster (chickenpox),Varicella zoster (chickenpox),national_total,2026,5,2026-05-01,185,,
140,Varicella zoster (shingles),Varicella zoster (shingles),national_total,2026,5,2026-05-01,739,,
141,Varicella zoster (unspecified),Varicella zoster (unspecified),national_total,2026,5,2026-05-01,1976,,
142,Vibrio parahaemolyticus infection,Vibrio parahaemolyticus infection,national_total,2026,5,2026-05-01,13,,
143,West Nile/Kunjin virus infection,West Nile/Kunjin virus infection,national_total,2026,5,2026-05-01,0,,
144,Yersiniosis (NEC),Yersiniosis (NEC),national_total,2026,5,2026-05-01,0,,
145,Anthrax,Anthrax,national_total,2026,6,2026-06-01,0,,
146,Australian bat lyssavirus infection,Australian bat lyssavirus infection,national_total,2026,6,2026-06-01,0,,
147,Avian influenza in humans (AIH),Avian influenza in humans (AIH),national_total,2026,6,2026-06-01,0,,
148,Barmah Forest virus infection,Barmah Forest virus infection,national_total,2026,6,2026-06-01,0,,
149,Botulism,Botulism,national_total,2026,6,2026-06-01,0,,
150,Brucellosis,Brucellosis,national_total,2026,6,2026-06-01,0,,
151,CJD,CJD,national_total,2026,6,2026-06-01,0,,
152,COVID-19,COVID-19,national_total,2026,6,2026-06-01,38,,
153,Campylobacteriosis,Campylobacteriosis,national_total,2026,6,2026-06-01,0,,
154,Chancroid,Chancroid,national_total,2026,6,2026-06-01,0,,
155,Chikungunya virus infection,Chikungunya virus infection,national_total,2026,6,2026-06-01,0,,
156,Chlamydial infection,Chlamydial infection,national_total,2026,6,2026-06-01,9,,
157,Cholera,Cholera,national_total,2026,6,2026-06-01,0,,
158,Cryptosporidiosis,Cryptosporidiosis,national_total,2026,6,2026-06-01,0,,
159,Dengue virus infection,Dengue virus infection,national_total,2026,6,2026-06-01,0,,
160,Diphtheria,Diphtheria,national_total,2026,6,2026-06-01,0,,
161,Donovanosis,Donovanosis,national_total,2026,6,2026-06-01,0,,
162,Flavivirus infection (unspecified),Flavivirus infection (unspecified),national_total,2026,6,2026-06-01,0,,
163,Gonococcal infection,Gonococcal infection,national_total,2026,6,2026-06-01,7,,
164,Haemolytic uraemic syndrome (HUS),Haemolytic uraemic syndrome (HUS),national_total,2026,6,2026-06-01,0,,
165,Haemophilus influenzae type b,Haemophilus influenzae type b,national_total,2026,6,2026-06-01,0,,
166,Hepatitis (NEC),Hepatitis (NEC),national_total,2026,6,2026-06-01,0,,
167,Hepatitis A,Hepatitis A,national_total,2026,6,2026-06-01,0,,
168,Hepatitis B (newly acquired),Hepatitis B (newly acquired),national_total,2026,6,2026-06-01,0,,
169,Hepatitis B (unspecified),Hepatitis B (unspecified),national_total,2026,6,2026-06-01,8,,
170,Hepatitis C (newly acquired),Hepatitis C (newly acquired),national_total,2026,6,2026-06-01,0,,
171,Hepatitis C (unspecified),Hepatitis C (unspecified),national_total,2026,6,2026-06-01,24,,
172,Hepatitis D,Hepatitis D,national_total,2026,6,2026-06-01,0,,
173,Hepatitis E,Hepatitis E,national_total,2026,6,2026-06-01,0,,
174,Hydatid infection,Hydatid infection,national_total,2026,6,2026-06-01,0,,
175,Influenza (laboratory confirmed),Influenza (laboratory confirmed),national_total,2026,6,2026-06-01,33,,
176,Invasive Group A Streptococcal disease (iGAS),Invasive Group A Streptococcal disease (iGAS),national_total,2026,6,2026-06-01,0,,
177,Japanese encephalitis virus infection,Japanese encephalitis virus infection,national_total,2026,6,2026-06-01,0,,
178,Legionellosis,Legionellosis,national_total,2026,6,2026-06-01,0,,
179,Leprosy,Leprosy,national_total,2026,6,2026-06-01,0,,
180,Leptospirosis,Leptospirosis,national_total,2026,6,2026-06-01,0,,
181,Listeriosis,Listeriosis,national_total,2026,6,2026-06-01,0,,
182,Malaria,Malaria,national_total,2026,6,2026-06-01,0,,
183,Measles,Measles,national_total,2026,6,2026-06-01,0,,
184,Meningococcal disease (invasive),Meningococcal disease (invasive),national_total,2026,6,2026-06-01,0,,
185,Mpox,Mpox,national_total,2026,6,2026-06-01,0,,
186,Mumps,Mumps,national_total,2026,6,2026-06-01,0,,
187,Murray Valley encephalitis virus infection,Murray Valley encephalitis virus infection,national_total,2026,6,2026-06-01,0,,
188,NON TB MYCO,NON TB MYCO,national_total,2026,6,2026-06-01,0,,
189,Ornithosis,Ornithosis,national_total,2026,6,2026-06-01,0,,
190,Paratyphoid,Paratyphoid,national_total,2026,6,2026-06-01,0,,
191,Pertussis,Pertussis,national_total,2026,6,2026-06-01,0,,
192,Pneumococcal disease (invasive),Pneumococcal disease (invasive),national_total,2026,6,2026-06-01,0,,
193,Poliovirus infection,Poliovirus infection,national_total,2026,6,2026-06-01,0,,
194,Q fever,Q fever,national_total,2026,6,2026-06-01,0,,
195,Respiratory syncytial virus (RSV),Respiratory syncytial virus (RSV),national_total,2026,6,2026-06-01,89,,
196,Ross River virus infection,Ross River virus infection,national_total,2026,6,2026-06-01,0,,
197,Rotavirus,Rotavirus,national_total,2026,6,2026-06-01,0,,
198,Rubella,Rubella,national_total,2026,6,2026-06-01,0,,
199,Rubella congenital,Rubella congenital,national_total,2026,6,2026-06-01,0,,
200,STEC,STEC,national_total,2026,6,2026-06-01,0,,
201,Salmonellosis,Salmonellosis,national_total,2026,6,2026-06-01,0,,
202,Shigellosis,Shigellosis,national_total,2026,6,2026-06-01,0,,
203,Syphilis,Syphilis,national_total,2026,6,2026-06-01,0,,
204,Syphilis < 2 years,Syphilis < 2 years,national_total,2026,6,2026-06-01,0,,
205,Syphilis > 2 years or unspecified duration,Syphilis > 2 years or unspecified duration,national_total,2026,6,2026-06-01,0,,
206,Syphilis congenital,Syphilis congenital,national_total,2026,6,2026-06-01,0,,
207,Tetanus,Tetanus,national_total,2026,6,2026-06-01,0,,
208,Tuberculosis,Tuberculosis,national_total,2026,6,2026-06-01,0,,
209,Tularaemia,Tularaemia,national_total,2026,6,2026-06-01,0,,
210,Typhoid Fever,Typhoid Fever,national_total,2026,6,2026-06-01,0,,
211,Varicella zoster (chickenpox),Varicella zoster (chickenpox),national_total,2026,6,2026-06-01,0,,
212,Varicella zoster (shingles),Varicella zoster (shingles),national_total,2026,6,2026-06-01,0,,
213,Varicella zoster (unspecified),Varicella zoster (unspecified),national_total,2026,6,2026-06-01,0,,
214,Vibrio parahaemolyticus infection,Vibrio parahaemolyticus infection,national_total,2026,6,2026-06-01,0,,
215,West Nile/Kunjin virus infection,West Nile/Kunjin virus infection,national_total,2026,6,2026-06-01,0,,
216,Yersiniosis (NEC),Yersiniosis (NEC),national_total,2026,6,2026-06-01,0,,
