•ñ”E’è“_“–‚è•ñ”AŽ¾•aETE“s“¹•{Œ§E«•Êi‚PT‚©‚ç“–ŠYT‚Ü‚Å‚Ì•ñ”E’è“_“–‚½‚è•ñ”‚Æ‚»‚ê‚ç‚Ì—ÝÏj(‘”),,,,,,,,,,,,,,,,,,
2026”N08T(02ŒŽ16“ú`02ŒŽ22“ú),2026”N02ŒŽ25“úì¬,,,,,,,,,,,,,,,,,
ƒCƒ“ƒtƒ‹ƒGƒ“ƒU,,,,,,,,,,,,,,,,,,
,‘”,‘”,01T,01T,02T,02T,03T,03T,04T,04T,05T,05T,06T,06T,07T,07T,08T,08T
,•ñ,’è“–,•ñ,’è“–,•ñ,’è“–,•ñ,’è“–,•ñ,’è“–,•ñ,’è“–,•ñ,’è“–,•ñ,’è“–,•ñ,’è“–
‘”,747934,200.52,33240,10.34,40124,10.55,43040,11.32,63355,16.65,114307,30.03,164914,43.35,157754,41.44,131200,34.54
–kŠC“¹,16004,97.59,1095,7.55,725,4.34,748,4.45,989,5.89,1736,10.33,2803,16.68,3664,21.81,4244,25.41
ÂXŒ§,6642,130.24,402,8.93,369,7.1,313,6.02,524,10.08,916,17.62,1245,23.94,1425,27.4,1448,27.85
ŠâŽèŒ§,6922,164.81,209,4.98,240,5.71,242,5.76,330,7.86,879,20.93,1554,37,1803,42.93,1665,39.64
‹{éŒ§,13447,244.49,292,5.31,532,9.67,663,12.05,1367,24.85,2696,49.02,3345,60.82,2721,49.47,1831,33.29
H“cŒ§,3033,126.38,298,13.55,139,5.56,123,4.92,233,9.32,429,17.16,644,25.76,575,23,592,23.68
ŽRŒ`Œ§,5466,147.73,265,9.46,268,6.87,240,6.32,453,11.62,789,20.23,1142,29.28,1224,31.38,1085,27.82
•Ÿ“‡Œ§,10396,216.58,466,9.71,353,7.35,380,7.92,744,15.5,1585,33.02,2555,53.23,2469,51.44,1844,38.42
ˆïéŒ§,15639,240.6,970,17.64,764,11.4,841,12.55,1294,19.31,2509,37.45,3687,55.03,3166,47.25,2408,35.94
“È–ØŒ§,10573,240.3,269,9.28,370,7.87,411,8.74,660,14.04,1789,38.06,2745,58.4,2336,49.7,1993,42.4
ŒQ”nŒ§,6762,161,230,9.58,380,8.44,372,8.27,452,10.04,826,18.36,1401,31.13,1560,34.67,1541,34.24
é‹ÊŒ§,47138,282.26,1580,14.91,1927,10.95,2153,12.23,3903,22.18,7159,40.68,10529,60.17,11018,62.6,8869,50.68
ç—tŒ§,47272,265.57,1129,7.33,2029,11.15,2544,13.9,4354,23.79,8433,46.08,11473,62.69,9990,54.89,7320,40.67
“Œ‹ž“s,70607,176.52,1389,4.93,2882,6.88,3032,7.25,5779,13.83,11149,26.67,16393,39.31,16051,38.4,13932,33.41
_“ÞìŒ§,54091,235.18,696,4.8,2197,9.08,2357,9.78,4432,18.24,8921,36.56,13613,55.79,12181,49.52,9694,40.22
VŠƒŒ§,7779,141.44,476,8.65,420,7.64,323,5.87,423,7.69,1075,19.55,1452,26.4,1699,30.89,1911,34.75
•xŽRŒ§,6329,137.59,259,6.64,368,7.83,307,6.53,418,8.89,698,14.85,1158,24.64,1405,29.89,1716,36.51
ÎìŒ§,5935,126.28,283,6.02,390,8.3,417,8.87,461,9.81,605,12.87,873,18.57,1325,28.19,1581,33.64
•ŸˆäŒ§,4649,119.21,321,8.23,292,7.49,335,8.59,427,10.95,582,14.92,792,20.31,915,23.46,985,25.26
ŽR—œŒ§,7841,224.03,176,5.03,351,10.03,292,8.34,778,22.23,1644,46.97,2108,60.23,1465,41.86,1027,29.34
’·–ìŒ§,9366,195.13,544,13.6,505,10.1,498,9.96,599,11.98,1128,22.56,1788,35.76,2206,44.12,2098,41.96
Šò•ŒŒ§,8150,185.23,847,19.7,375,8.33,532,11.82,741,16.47,1371,30.47,1614,35.87,1489,33.09,1181,26.24
Ã‰ªŒ§,31463,226.35,965,6.94,1605,11.55,1671,12.02,3160,22.73,6017,43.29,7784,56,6046,43.5,4215,30.32
ˆ¤’mŒ§,39163,240.26,1935,11.87,2225,13.65,2256,13.84,3505,21.5,6316,38.75,9011,55.28,7893,48.42,6022,36.94
ŽOdŒ§,15456,237.78,532,12.37,808,11.71,894,12.96,1645,23.84,2836,41.1,3630,53.38,2901,42.04,2210,32.03
Ž ‰êŒ§,8728,155.86,526,12.23,512,8.83,484,8.34,685,11.81,1260,21.72,1740,30,1820,31.38,1701,29.33
‹ž“s•{,12735,192.95,577,9.31,730,10.9,768,11.46,1040,15.52,1782,26.6,2691,40.16,2758,41.16,2389,35.66
‘åã•{,41503,143.11,1869,6.44,2345,8.09,2371,8.18,3251,11.21,5972,20.59,9004,31.05,9124,31.46,7567,26.09
•ºŒÉŒ§,34938,218.36,1028,7.5,2032,12.39,2312,14.1,3499,21.34,6030,36.77,8092,49.34,6753,41.18,5192,31.66
“Þ—ÇŒ§,8517,224.13,58,3.41,411,10.02,420,10.24,599,14.26,1227,29.21,2026,48.24,1972,48.1,1804,42.95
˜a‰ÌŽRŒ§,8292,188.45,326,7.58,556,12.36,636,14.13,974,21.64,1560,34.67,1639,36.42,1443,32.07,1158,25.73
’¹ŽæŒ§,2877,99.21,386,13.31,328,11.31,258,8.9,211,7.28,274,9.45,442,15.24,468,16.14,510,17.59
“‡ªŒ§,3561,178.05,361,18.05,270,13.5,276,13.8,322,16.1,561,28.05,740,37,604,30.2,427,21.35
‰ªŽRŒ§,7492,149.84,539,10.78,615,12.3,557,11.14,553,11.06,876,17.52,1376,27.52,1495,29.9,1481,29.62
L“‡Œ§,12401,137.79,855,12.21,889,9.56,795,8.55,841,9.04,1479,15.9,2344,25.2,2642,28.41,2556,27.48
ŽRŒûŒ§,13110,208.1,451,7.16,648,10.29,813,12.9,1040,16.51,1651,26.21,2759,43.79,2991,47.48,2757,43.76
“¿“‡Œ§,4944,149.82,314,9.52,426,12.91,370,11.21,374,11.33,632,19.15,924,28,1095,33.18,809,24.52
ìŒ§,2362,102.7,361,15.7,183,7.96,189,8.22,164,7.13,198,8.61,342,14.87,558,24.26,367,15.96
ˆ¤•QŒ§,10305,294.43,443,17.04,661,17.86,719,19.43,817,22.08,1308,35.35,2280,61.62,2212,59.78,1865,50.41
‚’mŒ§,6824,179.58,646,17,771,20.29,694,18.26,854,22.47,1035,27.24,1194,31.42,995,26.18,635,16.71
•Ÿ‰ªŒ§,29822,244.44,2475,20.29,2057,16.72,2251,18.45,2291,18.78,3726,30.54,5765,47.25,6042,49.52,5215,42.75
²‰êŒ§,5123,222.74,235,10.68,374,15.58,458,19.08,484,20.17,753,31.38,942,39.25,973,40.54,904,37.67
’·èŒ§,13199,263.98,869,17.73,846,16.59,945,18.53,1168,22.9,1738,34.08,2784,54.59,2665,52.25,2184,42.82
ŒF–{Œ§,17453,245.82,1001,14.3,1047,14.54,1191,16.54,1292,17.94,2292,31.83,3759,52.21,3852,53.5,3019,41.93
‘å•ªŒ§,18236,314.41,998,17.21,877,15.12,1243,21.43,1676,28.9,3044,52.48,4041,69.67,3737,64.43,2620,45.17
‹{èŒ§,8859,328.11,929,38.71,877,31.32,861,30.75,822,29.36,1122,40.07,1594,56.93,1441,51.46,1213,43.32
Ž­Ž™“‡Œ§,19344,339.37,1322,23.19,1340,23.51,1595,27.98,2006,35.19,2827,49.6,4265,74.82,3541,62.12,2448,42.95
‰«“êŒ§,7186,159.69,1043,23.18,815,18.11,890,19.78,721,16.02,872,19.38,832,18.49,1046,23.24,967,21.49
,,,,,,,,,,,,,,,,,,
‚q‚rƒEƒCƒ‹ƒXŠ´õÇ,,,,,,,,,,,,,,,,,,
,‘”,‘”,01T,01T,02T,02T,03T,03T,04T,04T,05T,05T,06T,06T,07T,07T,08T,08T
,•ñ,’è“–,•ñ,’è“–,•ñ,’è“–,•ñ,’è“–,•ñ,’è“–,•ñ,’è“–,•ñ,’è“–,•ñ,’è“–,•ñ,’è“–
‘”,11274,4.98,674,0.34,1213,0.53,1430,0.62,1805,0.78,1773,0.77,1741,0.75,1362,0.59,1276,0.56
–kŠC“¹,960,9.7,73,0.89,117,1.16,130,1.27,162,1.59,173,1.7,131,1.28,91,0.9,83,0.83
ÂXŒ§,100,3.03,14,0.44,5,0.15,22,0.65,18,0.53,13,0.38,14,0.41,6,0.18,8,0.24
ŠâŽèŒ§,185,6.85,1,0.04,7,0.26,11,0.41,38,1.41,42,1.56,27,1,26,0.96,33,1.22
‹{éŒ§,143,4.61,6,0.19,12,0.39,17,0.55,27,0.87,28,0.9,26,0.84,19,0.61,8,0.26
H“cŒ§,59,4.92,5,0.42,10,0.77,12,0.92,10,0.77,8,0.62,6,0.46,4,0.31,4,0.31
ŽRŒ`Œ§,213,8.52,7,0.35,13,0.5,47,1.81,53,2.04,27,1.04,20,0.77,24,0.92,22,0.85
•Ÿ“‡Œ§,218,7.79,8,0.29,15,0.54,22,0.79,46,1.64,46,1.64,31,1.11,24,0.86,26,0.93
ˆïéŒ§,126,3.5,15,0.52,13,0.35,14,0.38,22,0.59,16,0.43,17,0.46,14,0.38,15,0.41
“È–ØŒ§,145,5.8,6,0.33,18,0.67,13,0.48,23,0.85,20,0.74,24,0.89,23,0.85,18,0.67
ŒQ”nŒ§,166,7.22,14,0.93,11,0.44,23,0.92,27,1.08,30,1.2,30,1.2,15,0.6,16,0.67
é‹ÊŒ§,357,3.4,19,0.28,40,0.36,48,0.43,54,0.49,71,0.64,50,0.45,37,0.34,38,0.35
ç—tŒ§,197,1.82,9,0.1,25,0.23,22,0.2,24,0.22,35,0.32,20,0.18,24,0.22,38,0.35
“Œ‹ž“s,544,2.15,33,0.18,70,0.27,67,0.25,72,0.27,68,0.26,78,0.3,66,0.25,90,0.34
_“ÞìŒ§,383,2.86,22,0.25,36,0.26,35,0.25,45,0.32,52,0.37,82,0.58,55,0.38,56,0.4
VŠƒŒ§,86,2.87,6,0.2,7,0.23,9,0.3,18,0.6,13,0.43,11,0.37,12,0.4,10,0.33
•xŽRŒ§,71,2.54,5,0.21,5,0.17,15,0.52,12,0.41,8,0.28,5,0.17,6,0.21,15,0.52
ÎìŒ§,139,4.96,8,0.29,18,0.64,22,0.79,31,1.11,14,0.5,23,0.82,11,0.39,12,0.43
•ŸˆäŒ§,117,4.68,8,0.32,18,0.72,17,0.68,28,1.12,16,0.64,20,0.8,8,0.32,2,0.08
ŽR—œŒ§,100,4.76,4,0.19,8,0.38,4,0.19,13,0.62,11,0.52,19,0.9,29,1.38,12,0.57
’·–ìŒ§,168,6.22,15,0.65,29,1.04,30,1.07,23,0.82,19,0.68,28,1,15,0.54,9,0.32
Šò•ŒŒ§,109,4.19,28,1.08,6,0.22,11,0.41,13,0.48,11,0.41,14,0.52,12,0.44,14,0.52
Ã‰ªŒ§,211,2.37,8,0.09,24,0.27,24,0.27,29,0.33,20,0.22,34,0.38,40,0.45,32,0.36
ˆ¤’mŒ§,466,4.61,26,0.26,58,0.57,68,0.67,59,0.58,64,0.63,63,0.62,70,0.69,58,0.57
ŽOdŒ§,271,6.61,13,0.46,34,0.79,43,1,46,1.07,40,0.93,38,0.9,26,0.6,31,0.72
Ž ‰êŒ§,198,6,16,0.67,21,0.6,18,0.51,30,0.86,33,0.94,33,0.94,31,0.89,16,0.46
‹ž“s•{,192,4.92,9,0.25,21,0.53,13,0.33,38,0.95,40,1,40,1,17,0.43,14,0.35
‘åã•{,1498,8.1,114,0.62,203,1.1,171,0.92,215,1.16,237,1.28,232,1.25,192,1.04,134,0.72
•ºŒÉŒ§,723,7.09,37,0.44,84,0.8,91,0.87,93,0.89,126,1.2,111,1.06,88,0.84,93,0.89
“Þ—ÇŒ§,210,10,4,0.44,26,1.13,29,1.26,26,1.08,37,1.54,42,1.75,24,1,22,0.92
˜a‰ÌŽRŒ§,228,8.77,14,0.54,36,1.33,36,1.33,31,1.15,32,1.19,34,1.26,25,0.93,20,0.74
’¹ŽæŒ§,102,5.37,1,0.05,8,0.42,10,0.53,15,0.79,24,1.26,24,1.26,17,0.89,3,0.16
“‡ªŒ§,106,9.64,6,0.55,6,0.55,19,1.73,37,3.36,23,2.09,5,0.45,5,0.45,5,0.45
‰ªŽRŒ§,196,7,4,0.14,22,0.79,29,1.04,42,1.5,27,0.96,34,1.21,14,0.5,24,0.86
L“‡Œ§,238,4.49,13,0.33,21,0.38,25,0.45,28,0.5,42,0.75,44,0.79,34,0.61,31,0.55
ŽRŒûŒ§,350,8.75,12,0.3,31,0.78,31,0.78,58,1.45,60,1.5,76,1.9,49,1.23,33,0.83
“¿“‡Œ§,110,5.24,6,0.29,9,0.43,19,0.9,18,0.86,16,0.76,11,0.52,13,0.62,18,0.86
ìŒ§,90,6.92,12,0.92,13,1,14,1.08,14,1.08,8,0.62,17,1.31,5,0.38,7,0.54
ˆ¤•QŒ§,128,6.74,4,0.31,16,0.8,13,0.65,20,1,24,1.2,21,1.05,15,0.75,15,0.75
‚’mŒ§,84,4.2,3,0.15,3,0.15,8,0.4,10,0.5,12,0.6,11,0.55,17,0.85,20,1
•Ÿ‰ªŒ§,374,5.34,15,0.21,31,0.44,37,0.53,74,1.06,64,0.91,54,0.77,48,0.69,51,0.73
²‰êŒ§,51,4.64,1,0.1,2,0.17,9,0.75,6,0.5,9,0.75,12,1,4,0.33,8,0.67
’·èŒ§,86,2.87,3,0.1,1,0.03,20,0.65,14,0.45,10,0.32,18,0.58,9,0.29,11,0.35
ŒF–{Œ§,330,6.88,10,0.21,20,0.42,45,0.94,74,1.54,56,1.17,52,1.08,33,0.69,40,0.83
‘å•ªŒ§,146,4.06,10,0.28,10,0.28,17,0.47,13,0.36,22,0.61,23,0.64,27,0.75,24,0.67
‹{èŒ§,46,3.29,3,0.25,2,0.13,2,0.13,13,0.87,3,0.2,9,0.6,7,0.47,7,0.47
Ž­Ž™“‡Œ§,225,7.26,23,0.74,20,0.65,45,1.45,41,1.32,21,0.68,20,0.65,28,0.9,27,0.87
‰«“êŒ§,29,1.16,1,0.04,8,0.32,3,0.12,2,0.08,2,0.08,7,0.28,3,0.12,3,0.12
,,,,,,,,,,,,,,,,,,
ˆô“ªŒ‹–Œ”M,,,,,,,,,,,,,,,,,,
,‘”,‘”,01T,01T,02T,02T,03T,03T,04T,04T,05T,05T,06T,06T,07T,07T,08T,08T
,•ñ,’è“–,•ñ,’è“–,•ñ,’è“–,•ñ,’è“–,•ñ,’è“–,•ñ,’è“–,•ñ,’è“–,•ñ,’è“–,•ñ,’è“–
‘”,4770,2.11,255,0.13,651,0.28,504,0.22,740,0.32,669,0.29,711,0.31,605,0.26,635,0.28
–kŠC“¹,208,2.1,19,0.23,27,0.27,22,0.22,30,0.29,25,0.25,24,0.24,38,0.38,23,0.23
ÂXŒ§,57,1.73,3,0.09,4,0.12,2,0.06,10,0.29,5,0.15,6,0.18,10,0.29,17,0.5
ŠâŽèŒ§,28,1.04,1,0.04,6,0.22,2,0.07,4,0.15,1,0.04,3,0.11,5,0.19,6,0.22
‹{éŒ§,36,1.16,1,0.03,2,0.06,8,0.26,11,0.35,3,0.1,2,0.06,3,0.1,6,0.19
H“cŒ§,15,1.25,1,0.08,3,0.23,1,0.08,4,0.31,1,0.08,1,0.08,2,0.15,2,0.15
ŽRŒ`Œ§,98,3.92,11,0.55,18,0.69,16,0.62,19,0.73,4,0.15,11,0.42,8,0.31,11,0.42
•Ÿ“‡Œ§,51,1.82,4,0.14,5,0.18,7,0.25,5,0.18,4,0.14,6,0.21,11,0.39,9,0.32
ˆïéŒ§,71,1.97,8,0.28,13,0.35,11,0.3,22,0.59,6,0.16,1,0.03,2,0.05,8,0.22
“È–ØŒ§,34,1.36,5,0.28,6,0.22,2,0.07,10,0.37,4,0.15,1,0.04,2,0.07,4,0.15
ŒQ”nŒ§,56,2.43,7,0.47,13,0.52,7,0.28,9,0.36,6,0.24,6,0.24,4,0.16,4,0.17
é‹ÊŒ§,144,1.37,7,0.1,37,0.33,13,0.12,26,0.23,17,0.15,15,0.14,13,0.12,16,0.15
ç—tŒ§,58,0.54,3,0.03,10,0.09,9,0.08,11,0.1,10,0.09,4,0.04,5,0.05,6,0.06
“Œ‹ž“s,317,1.25,13,0.07,35,0.13,26,0.1,41,0.16,55,0.21,50,0.19,58,0.22,39,0.15
_“ÞìŒ§,98,0.73,5,0.06,8,0.06,11,0.08,20,0.14,14,0.1,19,0.13,14,0.1,7,0.05
VŠƒŒ§,33,1.1,3,0.1,7,0.23,2,0.07,3,0.1,3,0.1,1,0.03,7,0.23,7,0.23
•xŽRŒ§,90,3.21,4,0.17,15,0.52,8,0.28,13,0.45,13,0.45,11,0.38,10,0.34,16,0.55
ÎìŒ§,81,2.89,7,0.25,7,0.25,8,0.29,9,0.32,13,0.46,13,0.46,5,0.18,19,0.68
•ŸˆäŒ§,92,3.68,5,0.2,7,0.28,7,0.28,12,0.48,6,0.24,20,0.8,12,0.48,23,0.92
ŽR—œŒ§,8,0.38,4,0.19,1,0.05,0,0,0,0,1,0.05,1,0.05,1,0.05,0,0
’·–ìŒ§,22,0.81,0,0,3,0.11,3,0.11,4,0.14,4,0.14,2,0.07,5,0.18,1,0.04
Šò•ŒŒ§,24,0.92,2,0.08,3,0.11,2,0.07,5,0.19,3,0.11,6,0.22,1,0.04,2,0.07
Ã‰ªŒ§,99,1.11,6,0.07,15,0.17,8,0.09,15,0.17,12,0.13,16,0.18,14,0.16,13,0.15
ˆ¤’mŒ§,92,0.91,8,0.08,20,0.2,11,0.11,12,0.12,6,0.06,12,0.12,12,0.12,11,0.11
ŽOdŒ§,68,1.66,1,0.04,10,0.23,14,0.33,10,0.23,11,0.26,10,0.24,7,0.16,5,0.12
Ž ‰êŒ§,31,0.94,3,0.13,6,0.17,0,0,5,0.14,8,0.23,2,0.06,2,0.06,5,0.14
‹ž“s•{,243,6.23,6,0.17,16,0.4,18,0.45,38,0.95,50,1.25,46,1.15,31,0.78,38,0.95
‘åã•{,422,2.28,13,0.07,59,0.32,53,0.29,59,0.32,66,0.36,75,0.41,40,0.22,57,0.31
•ºŒÉŒ§,268,2.63,13,0.15,30,0.29,29,0.28,44,0.42,47,0.45,44,0.42,35,0.33,26,0.25
“Þ—ÇŒ§,63,3,1,0.11,7,0.3,5,0.22,6,0.25,22,0.92,6,0.25,10,0.42,6,0.25
˜a‰ÌŽRŒ§,51,1.96,3,0.12,9,0.33,9,0.33,8,0.3,6,0.22,5,0.19,3,0.11,8,0.3
’¹ŽæŒ§,34,1.79,6,0.32,5,0.26,4,0.21,4,0.21,5,0.26,5,0.26,3,0.16,2,0.11
“‡ªŒ§,100,9.09,4,0.36,12,1.09,13,1.18,15,1.36,10,0.91,17,1.55,9,0.82,20,1.82
‰ªŽRŒ§,26,0.93,1,0.04,2,0.07,4,0.14,3,0.11,3,0.11,4,0.14,5,0.18,4,0.14
L“‡Œ§,144,2.72,2,0.05,25,0.45,15,0.27,24,0.43,20,0.36,23,0.41,12,0.21,23,0.41
ŽRŒûŒ§,64,1.6,2,0.05,14,0.35,8,0.2,4,0.1,6,0.15,11,0.28,8,0.2,11,0.28
“¿“‡Œ§,24,1.14,0,0,6,0.29,4,0.19,2,0.1,3,0.14,4,0.19,1,0.05,4,0.19
ìŒ§,17,1.31,3,0.23,2,0.15,1,0.08,6,0.46,1,0.08,1,0.08,0,0,3,0.23
ˆ¤•QŒ§,63,3.32,3,0.23,9,0.45,10,0.5,7,0.35,5,0.25,10,0.5,8,0.4,11,0.55
‚’mŒ§,14,0.7,0,0,3,0.15,2,0.1,0,0,2,0.1,3,0.15,2,0.1,2,0.1
•Ÿ‰ªŒ§,336,4.8,7,0.1,51,0.72,39,0.56,52,0.74,48,0.69,54,0.77,44,0.63,41,0.59
²‰êŒ§,44,4,1,0.1,8,0.67,2,0.17,12,1,3,0.25,8,0.67,8,0.67,2,0.17
’·èŒ§,184,6.13,8,0.27,18,0.58,19,0.61,48,1.55,32,1.03,25,0.81,17,0.55,17,0.55
ŒF–{Œ§,111,2.31,9,0.19,15,0.31,13,0.27,11,0.23,8,0.17,20,0.42,14,0.29,21,0.44
‘å•ªŒ§,163,4.53,14,0.39,17,0.47,13,0.36,24,0.67,28,0.78,20,0.56,28,0.78,19,0.53
‹{èŒ§,202,14.43,17,1.42,19,1.27,23,1.53,27,1.8,26,1.73,35,2.33,37,2.47,18,1.2
Ž­Ž™“‡Œ§,224,7.23,9,0.29,26,0.84,16,0.52,28,0.9,36,1.16,42,1.35,31,1,36,1.16
‰«“êŒ§,62,2.48,2,0.08,17,0.68,4,0.16,8,0.32,7,0.28,10,0.4,8,0.32,6,0.24
,,,,,,,,,,,,,,,,,,
‚`ŒQ—nŒŒ«ƒŒƒ“ƒT‹…‹Ûˆô“ª‰Š,,,,,,,,,,,,,,,,,,
,‘”,‘”,01T,01T,02T,02T,03T,03T,04T,04T,05T,05T,06T,06T,07T,07T,08T,08T
,•ñ,’è“–,•ñ,’è“–,•ñ,’è“–,•ñ,’è“–,•ñ,’è“–,•ñ,’è“–,•ñ,’è“–,•ñ,’è“–,•ñ,’è“–
‘”,43981,19.44,1604,0.82,4686,2.03,5116,2.22,6623,2.87,6511,2.82,6698,2.9,6143,2.66,6600,2.87
–kŠC“¹,3953,39.93,151,1.84,358,3.54,352,3.45,525,5.15,577,5.66,644,6.31,613,6.07,733,7.33
ÂXŒ§,427,12.94,25,0.78,38,1.12,32,0.94,59,1.74,55,1.62,55,1.62,95,2.79,68,2
ŠâŽèŒ§,686,25.41,24,0.89,57,2.11,62,2.3,103,3.81,115,4.26,92,3.41,123,4.56,110,4.07
‹{éŒ§,621,20.03,18,0.58,64,2.06,69,2.23,112,3.61,114,3.68,111,3.58,69,2.23,64,2.06
H“cŒ§,175,14.58,9,0.75,18,1.38,20,1.54,31,2.38,13,1,21,1.62,38,2.92,25,1.92
ŽRŒ`Œ§,920,36.8,25,1.25,91,3.5,105,4.04,135,5.19,125,4.81,157,6.04,151,5.81,131,5.04
•Ÿ“‡Œ§,406,14.5,34,1.21,54,1.93,46,1.64,60,2.14,60,2.14,60,2.14,50,1.79,42,1.5
ˆïéŒ§,1298,36.06,57,1.97,217,5.86,147,3.97,173,4.68,169,4.57,151,4.08,161,4.35,223,6.03
“È–ØŒ§,554,22.16,17,0.94,67,2.48,64,2.37,107,3.96,108,4,58,2.15,65,2.41,68,2.52
ŒQ”nŒ§,354,15.39,13,0.87,38,1.52,48,1.92,58,2.32,53,2.12,67,2.68,44,1.76,33,1.38
é‹ÊŒ§,2524,24.04,113,1.66,238,2.14,306,2.76,405,3.65,360,3.24,373,3.36,376,3.42,353,3.27
ç—tŒ§,2706,25.06,69,0.73,306,2.78,360,3.24,404,3.64,453,4.08,503,4.53,309,2.81,302,2.77
“Œ‹ž“s,3494,13.81,140,0.76,423,1.6,440,1.67,567,2.16,530,2.02,519,1.97,448,1.7,427,1.63
_“ÞìŒ§,2403,17.93,59,0.67,262,1.86,296,2.11,404,2.87,400,2.82,361,2.56,299,2.09,322,2.32
VŠƒŒ§,1049,34.97,32,1.07,88,2.93,120,4,159,5.3,160,5.33,176,5.87,132,4.4,182,6.07
•xŽRŒ§,1033,36.89,23,0.96,83,2.86,80,2.76,125,4.31,147,5.07,175,6.03,189,6.52,211,7.28
ÎìŒ§,575,20.54,23,0.82,46,1.64,63,2.25,76,2.71,71,2.54,81,2.89,100,3.57,115,4.11
•ŸˆäŒ§,551,22.04,27,1.08,57,2.28,61,2.44,82,3.28,78,3.12,82,3.28,87,3.48,77,3.08
ŽR—œŒ§,81,3.86,0,0,10,0.48,14,0.67,18,0.86,14,0.67,9,0.43,6,0.29,10,0.48
’·–ìŒ§,528,19.56,25,1.09,48,1.71,62,2.21,80,2.86,55,1.96,72,2.57,97,3.46,89,3.18
Šò•ŒŒ§,233,8.96,14,0.54,16,0.59,35,1.3,43,1.59,36,1.33,25,0.93,26,0.96,38,1.41
Ã‰ªŒ§,918,10.31,32,0.36,117,1.31,124,1.39,140,1.57,147,1.65,97,1.09,105,1.18,156,1.75
ˆ¤’mŒ§,950,9.41,25,0.25,119,1.18,123,1.22,153,1.51,147,1.46,133,1.32,123,1.22,127,1.26
ŽOdŒ§,444,10.83,19,0.68,52,1.21,53,1.23,86,2,64,1.49,56,1.33,42,0.98,72,1.67
Ž ‰êŒ§,492,14.91,15,0.63,61,1.74,54,1.54,83,2.37,74,2.11,67,1.91,76,2.17,62,1.77
‹ž“s•{,1124,28.82,18,0.5,105,2.63,119,2.98,171,4.28,144,3.6,235,5.88,147,3.68,185,4.63
‘åã•{,2325,12.57,69,0.37,258,1.39,263,1.42,347,1.88,327,1.77,361,1.95,334,1.81,366,1.98
•ºŒÉŒ§,1708,16.75,44,0.52,200,1.9,228,2.17,250,2.38,274,2.61,248,2.36,221,2.1,243,2.31
“Þ—ÇŒ§,297,14.14,3,0.33,29,1.26,41,1.78,48,2,42,1.75,42,1.75,47,1.96,45,1.88
˜a‰ÌŽRŒ§,206,7.92,2,0.08,31,1.15,34,1.26,31,1.15,24,0.89,28,1.04,26,0.96,30,1.11
’¹ŽæŒ§,651,34.26,15,0.79,53,2.79,56,2.95,77,4.05,84,4.42,125,6.58,81,4.26,160,8.42
“‡ªŒ§,228,20.73,10,0.91,44,4,35,3.18,28,2.55,30,2.73,30,2.73,23,2.09,28,2.55
‰ªŽRŒ§,308,11,13,0.46,37,1.32,42,1.5,33,1.18,52,1.86,38,1.36,48,1.71,45,1.61
L“‡Œ§,887,16.74,25,0.64,93,1.66,120,2.14,139,2.48,117,2.09,136,2.43,120,2.14,137,2.45
ŽRŒûŒ§,1112,27.8,54,1.35,155,3.88,122,3.05,156,3.9,152,3.8,149,3.73,152,3.8,172,4.3
“¿“‡Œ§,143,6.81,5,0.24,11,0.52,18,0.86,16,0.76,27,1.29,29,1.38,22,1.05,15,0.71
ìŒ§,107,8.23,14,1.08,8,0.62,36,2.77,10,0.77,15,1.15,11,0.85,3,0.23,10,0.77
ˆ¤•QŒ§,973,51.21,10,0.77,82,4.1,112,5.6,143,7.15,140,7,173,8.65,165,8.25,148,7.4
‚’mŒ§,274,13.7,12,0.6,20,1,28,1.4,36,1.8,36,1.8,55,2.75,49,2.45,38,1.9
•Ÿ‰ªŒ§,2759,39.41,129,1.84,266,3.75,285,4.07,414,5.91,408,5.83,419,5.99,404,5.77,434,6.2
²‰êŒ§,312,28.36,11,1.1,31,2.58,38,3.17,41,3.42,44,3.67,38,3.17,59,4.92,50,4.17
’·èŒ§,584,19.47,17,0.57,61,1.97,46,1.48,67,2.16,107,3.45,104,3.35,92,2.97,90,2.9
ŒF–{Œ§,643,13.4,34,0.71,79,1.65,86,1.79,98,2.04,99,2.06,72,1.5,94,1.96,81,1.69
‘å•ªŒ§,704,19.56,44,1.22,68,1.89,100,2.78,139,3.86,92,2.56,93,2.58,71,1.97,97,2.69
‹{èŒ§,320,22.86,14,1.17,29,1.93,39,2.6,38,2.53,50,3.33,53,3.53,46,3.07,51,3.4
Ž­Ž™“‡Œ§,614,19.81,39,1.26,66,2.13,93,3,118,3.81,74,2.39,75,2.42,67,2.16,82,2.65
‰«“êŒ§,327,13.08,33,1.32,32,1.28,39,1.56,35,1.4,48,1.92,39,1.56,48,1.92,53,2.12
,,,,,,,,,,,,,,,,,,
Š´õ«ˆÝ’°‰Š,,,,,,,,,,,,,,,,,,
,‘”,‘”,01T,01T,02T,02T,03T,03T,04T,04T,05T,05T,06T,06T,07T,07T,08T,08T
,•ñ,’è“–,•ñ,’è“–,•ñ,’è“–,•ñ,’è“–,•ñ,’è“–,•ñ,’è“–,•ñ,’è“–,•ñ,’è“–,•ñ,’è“–
‘”,132710,58.67,3718,1.9,13303,5.76,15413,6.68,19754,8.56,21759,9.42,21887,9.48,18437,7.99,18439,8.02
–kŠC“¹,3620,36.57,123,1.5,367,3.63,395,3.87,548,5.37,569,5.58,626,6.14,504,4.99,488,4.88
ÂXŒ§,908,27.52,33,1.03,109,3.21,128,3.76,172,5.06,175,5.15,107,3.15,93,2.74,91,2.68
ŠâŽèŒ§,1533,56.78,56,2.07,177,6.56,186,6.89,248,9.19,223,8.26,231,8.56,214,7.93,198,7.33
‹{éŒ§,1441,46.48,42,1.35,171,5.52,142,4.58,165,5.32,217,7,209,6.74,257,8.29,238,7.68
H“cŒ§,536,44.67,13,1.08,51,3.92,47,3.62,86,6.62,110,8.46,74,5.69,80,6.15,75,5.77
ŽRŒ`Œ§,1430,57.2,14,0.7,98,3.77,117,4.5,216,8.31,272,10.46,230,8.85,205,7.88,278,10.69
•Ÿ“‡Œ§,1356,48.43,68,2.43,148,5.29,147,5.25,183,6.54,187,6.68,210,7.5,225,8.04,188,6.71
ˆïéŒ§,2692,74.78,147,5.07,267,7.22,339,9.16,395,10.68,447,12.08,424,11.46,310,8.38,363,9.81
“È–ØŒ§,1443,57.72,35,1.94,156,5.78,171,6.33,230,8.52,217,8.04,203,7.52,201,7.44,230,8.52
ŒQ”nŒ§,2690,116.96,69,4.6,306,12.24,349,13.96,424,16.96,428,17.12,435,17.4,346,13.84,333,13.88
é‹ÊŒ§,8267,78.73,183,2.69,804,7.24,1009,9.09,1279,11.52,1460,13.15,1409,12.69,1090,9.91,1033,9.56
ç—tŒ§,6499,60.18,128,1.36,815,7.41,848,7.64,1035,9.32,1123,10.12,996,8.97,775,7.05,779,7.15
“Œ‹ž“s,22377,88.45,556,3.01,2108,7.98,2578,9.8,3432,13.05,3922,14.91,3756,14.28,3145,11.96,2880,10.99
_“ÞìŒ§,10490,78.28,138,1.57,1089,7.72,1249,8.92,1617,11.47,1770,12.46,1745,12.38,1491,10.43,1391,10.01
VŠƒŒ§,635,21.17,19,0.63,73,2.43,74,2.47,81,2.7,93,3.1,102,3.4,76,2.53,117,3.9
•xŽRŒ§,1877,67.04,54,2.25,145,5,167,5.76,276,9.52,311,10.72,372,12.83,262,9.03,290,10
ÎìŒ§,2292,81.86,60,2.14,223,7.96,283,10.11,320,11.43,346,12.36,368,13.14,303,10.82,389,13.89
•ŸˆäŒ§,1270,50.8,71,2.84,156,6.24,171,6.84,185,7.4,162,6.48,217,8.68,149,5.96,159,6.36
ŽR—œŒ§,777,37,9,0.43,89,4.24,120,5.71,130,6.19,130,6.19,116,5.52,93,4.43,90,4.29
’·–ìŒ§,1903,70.48,95,4.13,187,6.68,202,7.21,282,10.07,326,11.64,328,11.71,226,8.07,257,9.18
Šò•ŒŒ§,2236,86,61,2.35,231,8.56,249,9.22,384,14.22,348,12.89,345,12.78,344,12.74,274,10.15
Ã‰ªŒ§,3509,39.43,134,1.51,399,4.48,414,4.65,477,5.36,536,6.02,510,5.73,497,5.58,542,6.09
ˆ¤’mŒ§,5034,49.84,67,0.66,521,5.16,580,5.74,657,6.5,788,7.8,821,8.13,782,7.74,818,8.1
ŽOdŒ§,2032,49.56,78,2.79,277,6.44,253,5.88,304,7.07,307,7.14,256,6.1,293,6.81,264,6.14
Ž ‰êŒ§,1556,47.15,33,1.38,155,4.43,188,5.37,211,6.03,253,7.23,285,8.14,209,5.97,222,6.34
‹ž“s•{,2118,54.31,42,1.17,197,4.93,296,7.4,340,8.5,354,8.85,362,9.05,262,6.55,265,6.63
‘åã•{,8020,43.35,202,1.09,832,4.5,943,5.1,1161,6.28,1258,6.8,1406,7.6,1086,5.87,1132,6.12
•ºŒÉŒ§,4844,47.49,75,0.89,434,4.13,550,5.24,716,6.82,790,7.52,887,8.45,686,6.53,706,6.72
“Þ—ÇŒ§,1098,52.29,7,0.78,93,4.04,130,5.65,185,7.71,202,8.42,213,8.88,146,6.08,122,5.08
˜a‰ÌŽRŒ§,1025,39.42,33,1.27,88,3.26,116,4.3,150,5.56,157,5.81,190,7.04,165,6.11,126,4.67
’¹ŽæŒ§,723,38.05,30,1.58,65,3.42,78,4.11,89,4.68,101,5.32,129,6.79,122,6.42,109,5.74
“‡ªŒ§,746,67.82,17,1.55,34,3.09,54,4.91,104,9.45,105,9.55,152,13.82,132,12,148,13.45
‰ªŽRŒ§,1500,53.57,46,1.64,154,5.5,161,5.75,197,7.04,257,9.18,259,9.25,214,7.64,212,7.57
L“‡Œ§,2855,53.87,44,1.13,265,4.73,280,5,369,6.59,461,8.23,495,8.84,457,8.16,484,8.64
ŽRŒûŒ§,1916,47.9,48,1.2,171,4.28,190,4.75,252,6.3,317,7.93,306,7.65,302,7.55,330,8.25
“¿“‡Œ§,718,34.19,27,1.29,53,2.52,89,4.24,100,4.76,120,5.71,106,5.05,98,4.67,125,5.95
ìŒ§,622,47.85,35,2.69,47,3.62,65,5,100,7.69,94,7.23,107,8.23,83,6.38,91,7
ˆ¤•QŒ§,1156,60.84,42,3.23,125,6.25,149,7.45,190,9.5,162,8.1,164,8.2,129,6.45,195,9.75
‚’mŒ§,518,25.9,24,1.2,49,2.45,66,3.3,54,2.7,63,3.15,90,4.5,78,3.9,94,4.7
•Ÿ‰ªŒ§,4983,71.19,302,4.31,510,7.18,528,7.54,692,9.89,784,11.2,802,11.46,665,9.5,700,10
²‰êŒ§,606,55.09,17,1.7,55,4.58,64,5.33,116,9.67,109,9.08,82,6.83,75,6.25,88,7.33
’·èŒ§,1349,44.97,32,1.07,105,3.39,147,4.74,236,7.61,251,8.1,232,7.48,154,4.97,192,6.19
ŒF–{Œ§,2439,50.81,75,1.56,195,4.06,301,6.27,357,7.44,398,8.29,393,8.19,383,7.98,337,7.02
‘å•ªŒ§,3380,93.89,133,3.69,281,7.81,384,10.67,467,12.97,521,14.47,597,16.58,533,14.81,464,12.89
‹{èŒ§,1205,86.07,38,3.17,160,10.67,141,9.4,164,10.93,179,11.93,185,12.33,150,10,188,12.53
Ž­Ž™“‡Œ§,1659,53.52,63,2.03,178,5.74,178,5.74,251,8.1,257,8.29,251,8.1,227,7.32,254,8.19
‰«“êŒ§,827,33.08,100,4,90,3.6,97,3.88,127,5.08,99,3.96,104,4.16,120,4.8,90,3.6
,,,,,,,,,,,,,,,,,,
…“—,,,,,,,,,,,,,,,,,,
,‘”,‘”,01T,01T,02T,02T,03T,03T,04T,04T,05T,05T,06T,06T,07T,07T,08T,08T
,•ñ,’è“–,•ñ,’è“–,•ñ,’è“–,•ñ,’è“–,•ñ,’è“–,•ñ,’è“–,•ñ,’è“–,•ñ,’è“–,•ñ,’è“–
‘”,6381,2.82,494,0.25,1311,0.57,715,0.31,960,0.42,712,0.31,771,0.33,669,0.29,749,0.33
–kŠC“¹,479,4.84,38,0.46,89,0.88,52,0.51,63,0.62,49,0.48,60,0.59,53,0.52,75,0.75
ÂXŒ§,99,3,3,0.09,25,0.74,6,0.18,10,0.29,8,0.24,20,0.59,6,0.18,21,0.62
ŠâŽèŒ§,140,5.19,12,0.44,62,2.3,12,0.44,18,0.67,11,0.41,8,0.3,2,0.07,15,0.56
‹{éŒ§,68,2.19,5,0.16,22,0.71,6,0.19,12,0.39,3,0.1,4,0.13,9,0.29,7,0.23
H“cŒ§,77,6.42,8,0.67,21,1.62,5,0.38,10,0.77,5,0.38,6,0.46,9,0.69,13,1
ŽRŒ`Œ§,133,5.32,8,0.4,14,0.54,12,0.46,13,0.5,21,0.81,21,0.81,28,1.08,16,0.62
•Ÿ“‡Œ§,124,4.43,11,0.39,22,0.79,14,0.5,18,0.64,17,0.61,12,0.43,12,0.43,18,0.64
ˆïéŒ§,117,3.25,21,0.72,24,0.65,9,0.24,15,0.41,10,0.27,10,0.27,15,0.41,13,0.35
“È–ØŒ§,65,2.6,4,0.22,19,0.7,10,0.37,8,0.3,11,0.41,5,0.19,3,0.11,5,0.19
ŒQ”nŒ§,84,3.65,4,0.27,12,0.48,10,0.4,18,0.72,8,0.32,13,0.52,14,0.56,5,0.21
é‹ÊŒ§,347,3.3,41,0.6,65,0.59,46,0.41,48,0.43,41,0.37,32,0.29,40,0.36,34,0.31
ç—tŒ§,251,2.32,9,0.1,41,0.37,30,0.27,37,0.33,42,0.38,46,0.41,25,0.23,21,0.19
“Œ‹ž“s,603,2.38,31,0.17,125,0.47,72,0.27,96,0.37,69,0.26,77,0.29,64,0.24,69,0.26
_“ÞìŒ§,344,2.57,19,0.22,77,0.55,48,0.34,57,0.4,39,0.27,46,0.33,34,0.24,24,0.17
VŠƒŒ§,100,3.33,4,0.13,17,0.57,12,0.4,14,0.47,14,0.47,16,0.53,10,0.33,13,0.43
•xŽRŒ§,64,2.29,2,0.08,27,0.93,4,0.14,8,0.28,11,0.38,6,0.21,2,0.07,4,0.14
ÎìŒ§,124,4.43,4,0.14,15,0.54,7,0.25,20,0.71,18,0.64,20,0.71,18,0.64,22,0.79
•ŸˆäŒ§,116,4.64,3,0.12,18,0.72,12,0.48,38,1.52,10,0.4,15,0.6,6,0.24,14,0.56
ŽR—œŒ§,7,0.33,0,0,0,0,0,0,1,0.05,2,0.1,3,0.14,1,0.05,0,0
’·–ìŒ§,64,2.37,8,0.35,13,0.46,9,0.32,13,0.46,4,0.14,8,0.29,3,0.11,6,0.21
Šò•ŒŒ§,22,0.85,3,0.12,1,0.04,1,0.04,3,0.11,5,0.19,2,0.07,5,0.19,2,0.07
Ã‰ªŒ§,130,1.46,14,0.16,24,0.27,16,0.18,19,0.21,11,0.12,13,0.15,12,0.13,21,0.24
ˆ¤’mŒ§,120,1.19,15,0.15,21,0.21,22,0.22,17,0.17,9,0.09,9,0.09,11,0.11,16,0.16
ŽOdŒ§,69,1.68,6,0.21,11,0.26,10,0.23,6,0.14,6,0.14,10,0.24,9,0.21,11,0.26
Ž ‰êŒ§,151,4.58,8,0.33,30,0.86,15,0.43,22,0.63,14,0.4,23,0.66,21,0.6,18,0.51
‹ž“s•{,198,5.08,11,0.31,35,0.88,23,0.58,30,0.75,13,0.33,28,0.7,25,0.63,33,0.83
‘åã•{,499,2.7,27,0.15,110,0.59,46,0.25,87,0.47,57,0.31,74,0.4,53,0.29,45,0.24
•ºŒÉŒ§,272,2.67,9,0.11,67,0.64,30,0.29,53,0.5,30,0.29,26,0.25,35,0.33,22,0.21
“Þ—ÇŒ§,55,2.62,0,0,11,0.48,6,0.26,6,0.25,4,0.17,8,0.33,3,0.13,17,0.71
˜a‰ÌŽRŒ§,30,1.15,1,0.04,3,0.11,4,0.15,2,0.07,8,0.3,3,0.11,4,0.15,5,0.19
’¹ŽæŒ§,32,1.68,3,0.16,7,0.37,6,0.32,1,0.05,2,0.11,2,0.11,9,0.47,2,0.11
“‡ªŒ§,65,5.91,5,0.45,15,1.36,9,0.82,13,1.18,5,0.45,9,0.82,5,0.45,4,0.36
‰ªŽRŒ§,40,1.43,1,0.04,11,0.39,7,0.25,12,0.43,3,0.11,1,0.04,1,0.04,4,0.14
L“‡Œ§,109,2.06,4,0.1,30,0.54,11,0.2,11,0.2,14,0.25,12,0.21,15,0.27,12,0.21
ŽRŒûŒ§,48,1.2,0,0,8,0.2,11,0.28,7,0.18,8,0.2,4,0.1,2,0.05,8,0.2
“¿“‡Œ§,22,1.05,1,0.05,6,0.29,1,0.05,7,0.33,1,0.05,2,0.1,3,0.14,1,0.05
ìŒ§,15,1.15,2,0.15,2,0.15,2,0.15,2,0.15,3,0.23,3,0.23,1,0.08,0,0
ˆ¤•QŒ§,59,3.11,4,0.31,15,0.75,1,0.05,6,0.3,7,0.35,10,0.5,3,0.15,13,0.65
‚’mŒ§,23,1.15,0,0,6,0.3,1,0.05,4,0.2,5,0.25,0,0,4,0.2,3,0.15
•Ÿ‰ªŒ§,288,4.11,41,0.59,58,0.82,37,0.53,29,0.41,32,0.46,23,0.33,27,0.39,41,0.59
²‰êŒ§,20,1.82,2,0.2,6,0.5,1,0.08,4,0.33,2,0.17,0,0,3,0.25,2,0.17
’·èŒ§,80,2.67,14,0.47,20,0.65,3,0.1,10,0.32,6,0.19,6,0.19,13,0.42,8,0.26
ŒF–{Œ§,149,3.1,13,0.27,26,0.54,23,0.48,28,0.58,23,0.48,13,0.27,9,0.19,14,0.29
‘å•ªŒ§,160,4.44,30,0.83,22,0.61,28,0.78,13,0.36,14,0.39,19,0.53,16,0.44,18,0.5
‹{èŒ§,51,3.64,5,0.42,11,0.73,4,0.27,7,0.47,6,0.4,7,0.47,0,0,11,0.73
Ž­Ž™“‡Œ§,108,3.48,15,0.48,25,0.81,14,0.45,19,0.61,7,0.23,14,0.45,10,0.32,4,0.13
‰«“êŒ§,160,6.4,25,1,22,0.88,7,0.28,25,1,24,0.96,22,0.88,16,0.64,19,0.76
,,,,,,,,,,,,,,,,,,
Žè‘«Œû•a,,,,,,,,,,,,,,,,,,
,‘”,‘”,01T,01T,02T,02T,03T,03T,04T,04T,05T,05T,06T,06T,07T,07T,08T,08T
,•ñ,’è“–,•ñ,’è“–,•ñ,’è“–,•ñ,’è“–,•ñ,’è“–,•ñ,’è“–,•ñ,’è“–,•ñ,’è“–,•ñ,’è“–
‘”,922,0.41,68,0.03,82,0.04,100,0.04,149,0.06,139,0.06,136,0.06,138,0.06,110,0.05
–kŠC“¹,31,0.31,4,0.05,4,0.04,1,0.01,9,0.09,4,0.04,4,0.04,3,0.03,2,0.02
ÂXŒ§,5,0.15,0,0,0,0,0,0,0,0,4,0.12,0,0,0,0,1,0.03
ŠâŽèŒ§,2,0.07,0,0,0,0,0,0,2,0.07,0,0,0,0,0,0,0,0
‹{éŒ§,3,0.1,0,0,0,0,1,0.03,1,0.03,1,0.03,0,0,0,0,0,0
H“cŒ§,1,0.08,0,0,0,0,1,0.08,0,0,0,0,0,0,0,0,0,0
ŽRŒ`Œ§,8,0.32,0,0,0,0,3,0.12,2,0.08,1,0.04,1,0.04,0,0,1,0.04
•Ÿ“‡Œ§,1,0.04,0,0,0,0,0,0,0,0,0,0,1,0.04,0,0,0,0
ˆïéŒ§,7,0.19,6,0.21,0,0,1,0.03,0,0,0,0,0,0,0,0,0,0
“È–ØŒ§,0,0,0,0,0,0,0,0,0,0,0,0,0,0,0,0,0,0
ŒQ”nŒ§,0,0,0,0,0,0,0,0,0,0,0,0,0,0,0,0,0,0
é‹ÊŒ§,53,0.5,4,0.06,6,0.05,9,0.08,8,0.07,11,0.1,5,0.05,5,0.05,5,0.05
ç—tŒ§,11,0.1,1,0.01,1,0.01,4,0.04,0,0,2,0.02,1,0.01,1,0.01,1,0.01
“Œ‹ž“s,51,0.2,3,0.02,13,0.05,7,0.03,5,0.02,5,0.02,7,0.03,7,0.03,4,0.02
_“ÞìŒ§,19,0.14,1,0.01,2,0.01,2,0.01,2,0.01,5,0.04,2,0.01,4,0.03,1,0.01
VŠƒŒ§,1,0.03,0,0,0,0,0,0,1,0.03,0,0,0,0,0,0,0,0
•xŽRŒ§,2,0.07,0,0,2,0.07,0,0,0,0,0,0,0,0,0,0,0,0
ÎìŒ§,22,0.79,0,0,2,0.07,0,0,0,0,2,0.07,3,0.11,5,0.18,10,0.36
•ŸˆäŒ§,164,6.56,2,0.08,6,0.24,19,0.76,21,0.84,37,1.48,27,1.08,27,1.08,25,1
ŽR—œŒ§,1,0.05,0,0,0,0,0,0,0,0,0,0,1,0.05,0,0,0,0
’·–ìŒ§,1,0.04,0,0,0,0,0,0,1,0.04,0,0,0,0,0,0,0,0
Šò•ŒŒ§,1,0.04,0,0,0,0,0,0,0,0,0,0,1,0.04,0,0,0,0
Ã‰ªŒ§,27,0.3,1,0.01,1,0.01,1,0.01,4,0.04,4,0.04,2,0.02,10,0.11,4,0.04
ˆ¤’mŒ§,8,0.08,1,0.01,0,0,1,0.01,2,0.02,0,0,2,0.02,2,0.02,0,0
ŽOdŒ§,7,0.17,0,0,0,0,0,0,0,0,1,0.02,3,0.07,1,0.02,2,0.05
Ž ‰êŒ§,5,0.15,0,0,2,0.06,3,0.09,0,0,0,0,0,0,0,0,0,0
‹ž“s•{,6,0.15,1,0.03,1,0.03,0,0,0,0,0,0,4,0.1,0,0,0,0
‘åã•{,53,0.29,3,0.02,5,0.03,9,0.05,10,0.05,6,0.03,14,0.08,3,0.02,3,0.02
•ºŒÉŒ§,20,0.2,1,0.01,3,0.03,4,0.04,1,0.01,4,0.04,2,0.02,3,0.03,2,0.02
“Þ—ÇŒ§,4,0.19,0,0,1,0.04,0,0,1,0.04,0,0,0,0,1,0.04,1,0.04
˜a‰ÌŽRŒ§,2,0.08,0,0,0,0,1,0.04,0,0,0,0,0,0,0,0,1,0.04
’¹ŽæŒ§,9,0.47,0,0,0,0,3,0.16,0,0,0,0,1,0.05,3,0.16,2,0.11
“‡ªŒ§,1,0.09,0,0,0,0,0,0,0,0,0,0,0,0,1,0.09,0,0
‰ªŽRŒ§,72,2.57,1,0.04,1,0.04,7,0.25,14,0.5,17,0.61,12,0.43,14,0.5,6,0.21
L“‡Œ§,9,0.17,1,0.03,2,0.04,1,0.02,1,0.02,1,0.02,1,0.02,2,0.04,0,0
ŽRŒûŒ§,6,0.15,1,0.03,3,0.08,1,0.03,0,0,1,0.03,0,0,0,0,0,0
“¿“‡Œ§,7,0.33,0,0,6,0.29,0,0,0,0,0,0,0,0,0,0,1,0.05
ìŒ§,1,0.08,0,0,0,0,1,0.08,0,0,0,0,0,0,0,0,0,0
ˆ¤•QŒ§,0,0,0,0,0,0,0,0,0,0,0,0,0,0,0,0,0,0
‚’mŒ§,1,0.05,0,0,0,0,0,0,0,0,1,0.05,0,0,0,0,0,0
•Ÿ‰ªŒ§,79,1.13,15,0.21,3,0.04,4,0.06,9,0.13,9,0.13,13,0.19,15,0.21,11,0.16
²‰êŒ§,13,1.18,0,0,1,0.08,1,0.08,3,0.25,0,0,2,0.17,3,0.25,3,0.25
’·èŒ§,53,1.77,7,0.23,1,0.03,7,0.23,18,0.58,3,0.1,7,0.23,7,0.23,3,0.1
ŒF–{Œ§,110,2.29,3,0.06,7,0.15,6,0.13,27,0.56,16,0.33,17,0.35,16,0.33,18,0.38
‘å•ªŒ§,10,0.28,3,0.08,5,0.14,0,0,2,0.06,0,0,0,0,0,0,0,0
‹{èŒ§,11,0.79,0,0,1,0.07,0,0,4,0.27,1,0.07,2,0.13,1,0.07,2,0.13
Ž­Ž™“‡Œ§,6,0.19,1,0.03,0,0,2,0.06,0,0,1,0.03,1,0.03,0,0,1,0.03
‰«“êŒ§,18,0.72,8,0.32,3,0.12,0,0,1,0.04,2,0.08,0,0,4,0.16,0,0
,,,,,,,,,,,,,,,,,,
“`õ«g”Á,,,,,,,,,,,,,,,,,,
,‘”,‘”,01T,01T,02T,02T,03T,03T,04T,04T,05T,05T,06T,06T,07T,07T,08T,08T
,•ñ,’è“–,•ñ,’è“–,•ñ,’è“–,•ñ,’è“–,•ñ,’è“–,•ñ,’è“–,•ñ,’è“–,•ñ,’è“–,•ñ,’è“–
‘”,3866,1.71,209,0.11,853,0.37,606,0.26,597,0.26,546,0.24,428,0.19,320,0.14,307,0.13
–kŠC“¹,189,1.91,7,0.09,29,0.29,31,0.3,40,0.39,23,0.23,20,0.2,15,0.15,24,0.24
ÂXŒ§,12,0.36,1,0.03,3,0.09,0,0,1,0.03,3,0.09,1,0.03,2,0.06,1,0.03
ŠâŽèŒ§,172,6.37,6,0.22,31,1.15,17,0.63,24,0.89,24,0.89,29,1.07,25,0.93,16,0.59
‹{éŒ§,55,1.77,1,0.03,17,0.55,10,0.32,12,0.39,5,0.16,4,0.13,5,0.16,1,0.03
H“cŒ§,24,2,0,0,9,0.69,2,0.15,7,0.54,2,0.15,3,0.23,1,0.08,0,0
ŽRŒ`Œ§,64,2.56,6,0.3,16,0.62,7,0.27,15,0.58,12,0.46,5,0.19,2,0.08,1,0.04
•Ÿ“‡Œ§,16,0.57,0,0,7,0.25,1,0.04,1,0.04,0,0,4,0.14,2,0.07,1,0.04
ˆïéŒ§,15,0.42,2,0.07,0,0,3,0.08,0,0,1,0.03,0,0,7,0.19,2,0.05
“È–ØŒ§,27,1.08,1,0.06,4,0.15,0,0,1,0.04,7,0.26,4,0.15,4,0.15,6,0.22
ŒQ”nŒ§,18,0.78,0,0,4,0.16,3,0.12,3,0.12,0,0,3,0.12,3,0.12,2,0.08
é‹ÊŒ§,64,0.61,3,0.04,12,0.11,6,0.05,16,0.14,8,0.07,8,0.07,8,0.07,3,0.03
ç—tŒ§,92,0.85,1,0.01,21,0.19,25,0.23,15,0.14,15,0.14,7,0.06,4,0.04,4,0.04
“Œ‹ž“s,98,0.39,10,0.05,19,0.07,13,0.05,10,0.04,11,0.04,14,0.05,14,0.05,7,0.03
_“ÞìŒ§,88,0.66,2,0.02,20,0.14,9,0.06,9,0.06,16,0.11,15,0.11,5,0.03,12,0.09
VŠƒŒ§,136,4.53,8,0.27,38,1.27,28,0.93,22,0.73,11,0.37,6,0.2,7,0.23,16,0.53
•xŽRŒ§,25,0.89,3,0.13,5,0.17,5,0.17,2,0.07,5,0.17,4,0.14,1,0.03,0,0
ÎìŒ§,20,0.71,2,0.07,3,0.11,2,0.07,2,0.07,1,0.04,4,0.14,3,0.11,3,0.11
•ŸˆäŒ§,41,1.64,2,0.08,8,0.32,6,0.24,5,0.2,10,0.4,2,0.08,3,0.12,5,0.2
ŽR—œŒ§,37,1.76,1,0.05,6,0.29,6,0.29,8,0.38,10,0.48,2,0.1,2,0.1,2,0.1
’·–ìŒ§,26,0.96,2,0.09,4,0.14,3,0.11,4,0.14,5,0.18,3,0.11,2,0.07,3,0.11
Šò•ŒŒ§,37,1.42,2,0.08,9,0.33,5,0.19,7,0.26,6,0.22,3,0.11,3,0.11,2,0.07
Ã‰ªŒ§,159,1.79,2,0.02,18,0.2,19,0.21,36,0.4,23,0.26,20,0.22,26,0.29,15,0.17
ˆ¤’mŒ§,169,1.67,3,0.03,44,0.44,30,0.3,33,0.33,25,0.25,15,0.15,10,0.1,9,0.09
ŽOdŒ§,47,1.15,2,0.07,13,0.3,8,0.19,7,0.16,3,0.07,7,0.17,2,0.05,5,0.12
Ž ‰êŒ§,21,0.64,1,0.04,6,0.17,3,0.09,4,0.11,1,0.03,2,0.06,3,0.09,1,0.03
‹ž“s•{,39,1,0,0,10,0.25,6,0.15,3,0.08,8,0.2,4,0.1,1,0.03,7,0.18
‘åã•{,144,0.78,10,0.05,29,0.16,18,0.1,16,0.09,29,0.16,18,0.1,15,0.08,9,0.05
•ºŒÉŒ§,144,1.41,3,0.04,34,0.32,23,0.22,20,0.19,22,0.21,22,0.21,13,0.12,7,0.07
“Þ—ÇŒ§,19,0.9,1,0.11,3,0.13,5,0.22,2,0.08,6,0.25,2,0.08,0,0,0,0
˜a‰ÌŽRŒ§,35,1.35,0,0,11,0.41,6,0.22,8,0.3,5,0.19,2,0.07,1,0.04,2,0.07
’¹ŽæŒ§,26,1.37,1,0.05,9,0.47,3,0.16,2,0.11,2,0.11,5,0.26,3,0.16,1,0.05
“‡ªŒ§,11,1,1,0.09,2,0.18,0,0,1,0.09,3,0.27,3,0.27,0,0,1,0.09
‰ªŽRŒ§,109,3.89,8,0.29,28,1,28,1,13,0.46,18,0.64,6,0.21,4,0.14,4,0.14
L“‡Œ§,71,1.34,3,0.08,20,0.36,12,0.21,8,0.14,10,0.18,6,0.11,4,0.07,8,0.14
ŽRŒûŒ§,231,5.78,13,0.33,53,1.33,35,0.88,35,0.88,41,1.03,29,0.73,12,0.3,13,0.33
“¿“‡Œ§,73,3.48,1,0.05,21,1,13,0.62,14,0.67,6,0.29,9,0.43,4,0.19,5,0.24
ìŒ§,49,3.77,6,0.46,12,0.92,8,0.62,7,0.54,2,0.15,7,0.54,6,0.46,1,0.08
ˆ¤•QŒ§,115,6.05,11,0.85,28,1.4,19,0.95,15,0.75,10,0.5,14,0.7,8,0.4,10,0.5
‚’mŒ§,85,4.25,6,0.3,9,0.45,10,0.5,16,0.8,12,0.6,10,0.5,9,0.45,13,0.65
•Ÿ‰ªŒ§,87,1.24,5,0.07,18,0.25,13,0.19,8,0.11,11,0.16,10,0.14,10,0.14,12,0.17
²‰êŒ§,45,4.09,0,0,16,1.33,10,0.83,4,0.33,5,0.42,5,0.42,2,0.17,3,0.25
’·èŒ§,114,3.8,12,0.4,26,0.84,18,0.58,17,0.55,17,0.55,7,0.23,11,0.35,6,0.19
ŒF–{Œ§,322,6.71,32,0.67,69,1.44,62,1.29,47,0.98,36,0.75,32,0.67,21,0.44,23,0.48
‘å•ªŒ§,95,2.64,6,0.17,15,0.42,18,0.5,9,0.25,12,0.33,13,0.36,17,0.47,5,0.14
‹{èŒ§,109,7.79,8,0.67,21,1.4,24,1.6,8,0.53,16,1.07,12,0.8,6,0.4,14,0.93
Ž­Ž™“‡Œ§,260,8.39,11,0.35,64,2.06,32,1.03,56,1.81,42,1.35,24,0.77,12,0.39,19,0.61
‰«“êŒ§,31,1.24,3,0.12,9,0.36,1,0.04,4,0.16,6,0.24,3,0.12,2,0.08,3,0.12
,,,,,,,,,,,,,,,,,,
“Ë”­«”­‚µ‚ñ,,,,,,,,,,,,,,,,,,
,‘”,‘”,01T,01T,02T,02T,03T,03T,04T,04T,05T,05T,06T,06T,07T,07T,08T,08T
,•ñ,’è“–,•ñ,’è“–,•ñ,’è“–,•ñ,’è“–,•ñ,’è“–,•ñ,’è“–,•ñ,’è“–,•ñ,’è“–,•ñ,’è“–
‘”,3743,1.65,140,0.07,583,0.25,554,0.24,560,0.24,557,0.24,482,0.21,409,0.18,458,0.2
–kŠC“¹,89,0.9,4,0.05,13,0.13,14,0.14,12,0.12,7,0.07,13,0.13,13,0.13,13,0.13
ÂXŒ§,52,1.58,2,0.06,8,0.24,9,0.26,6,0.18,14,0.41,3,0.09,7,0.21,3,0.09
ŠâŽèŒ§,75,2.78,3,0.11,16,0.59,2,0.07,11,0.41,12,0.44,12,0.44,12,0.44,7,0.26
‹{éŒ§,45,1.45,0,0,9,0.29,5,0.16,5,0.16,10,0.32,6,0.19,3,0.1,7,0.23
H“cŒ§,17,1.42,1,0.08,1,0.08,3,0.23,4,0.31,3,0.23,1,0.08,1,0.08,3,0.23
ŽRŒ`Œ§,63,2.52,2,0.1,14,0.54,11,0.42,7,0.27,10,0.38,10,0.38,6,0.23,3,0.12
•Ÿ“‡Œ§,76,2.71,5,0.18,11,0.39,7,0.25,16,0.57,9,0.32,8,0.29,7,0.25,13,0.46
ˆïéŒ§,54,1.5,4,0.14,8,0.22,7,0.19,6,0.16,10,0.27,7,0.19,4,0.11,8,0.22
“È–ØŒ§,59,2.36,3,0.17,7,0.26,6,0.22,7,0.26,12,0.44,9,0.33,8,0.3,7,0.26
ŒQ”nŒ§,78,3.39,2,0.13,9,0.36,10,0.4,10,0.4,10,0.4,16,0.64,15,0.6,6,0.25
é‹ÊŒ§,185,1.76,11,0.16,33,0.3,29,0.26,30,0.27,29,0.26,19,0.17,21,0.19,13,0.12
ç—tŒ§,141,1.31,3,0.03,22,0.2,28,0.25,15,0.14,16,0.14,28,0.25,12,0.11,17,0.16
“Œ‹ž“s,434,1.72,10,0.05,73,0.28,68,0.26,66,0.25,62,0.24,41,0.16,54,0.21,60,0.23
_“ÞìŒ§,170,1.27,3,0.03,27,0.19,20,0.14,25,0.18,22,0.15,28,0.2,18,0.13,27,0.19
VŠƒŒ§,42,1.4,0,0,10,0.33,3,0.1,9,0.3,3,0.1,3,0.1,5,0.17,9,0.3
•xŽRŒ§,58,2.07,2,0.08,9,0.31,7,0.24,11,0.38,4,0.14,7,0.24,10,0.34,8,0.28
ÎìŒ§,35,1.25,0,0,7,0.25,5,0.18,2,0.07,7,0.25,5,0.18,6,0.21,3,0.11
•ŸˆäŒ§,32,1.28,0,0,3,0.12,2,0.08,5,0.2,6,0.24,4,0.16,5,0.2,7,0.28
ŽR—œŒ§,19,0.9,1,0.05,5,0.24,1,0.05,0,0,6,0.29,2,0.1,3,0.14,1,0.05
’·–ìŒ§,31,1.15,2,0.09,6,0.21,4,0.14,1,0.04,5,0.18,4,0.14,7,0.25,2,0.07
Šò•ŒŒ§,33,1.27,2,0.08,1,0.04,4,0.15,5,0.19,7,0.26,8,0.3,1,0.04,5,0.19
Ã‰ªŒ§,129,1.45,4,0.04,24,0.27,22,0.25,14,0.16,24,0.27,15,0.17,15,0.17,11,0.12
ˆ¤’mŒ§,140,1.39,4,0.04,16,0.16,26,0.26,25,0.25,16,0.16,22,0.22,17,0.17,14,0.14
ŽOdŒ§,49,1.2,4,0.14,9,0.21,6,0.14,8,0.19,9,0.21,5,0.12,3,0.07,5,0.12
Ž ‰êŒ§,28,0.85,1,0.04,2,0.06,2,0.06,5,0.14,7,0.2,0,0,5,0.14,6,0.17
‹ž“s•{,54,1.38,2,0.06,13,0.33,8,0.2,5,0.13,13,0.33,1,0.03,6,0.15,6,0.15
‘åã•{,257,1.39,4,0.02,48,0.26,53,0.29,34,0.18,36,0.19,35,0.19,17,0.09,30,0.16
•ºŒÉŒ§,164,1.61,3,0.04,32,0.3,26,0.25,29,0.28,17,0.16,19,0.18,13,0.12,25,0.24
“Þ—ÇŒ§,52,2.48,3,0.33,2,0.09,11,0.48,12,0.5,8,0.33,9,0.38,2,0.08,5,0.21
˜a‰ÌŽRŒ§,42,1.62,1,0.04,6,0.22,9,0.33,6,0.22,8,0.3,6,0.22,2,0.07,4,0.15
’¹ŽæŒ§,22,1.16,1,0.05,4,0.21,6,0.32,0,0,5,0.26,3,0.16,3,0.16,0,0
“‡ªŒ§,53,4.82,4,0.36,3,0.27,14,1.27,9,0.82,5,0.45,5,0.45,6,0.55,7,0.64
‰ªŽRŒ§,55,1.96,2,0.07,5,0.18,1,0.04,16,0.57,12,0.43,8,0.29,5,0.18,6,0.21
L“‡Œ§,45,0.85,2,0.05,8,0.14,7,0.13,4,0.07,4,0.07,5,0.09,7,0.13,8,0.14
ŽRŒûŒ§,84,2.1,3,0.08,9,0.23,9,0.23,14,0.35,11,0.28,16,0.4,9,0.23,13,0.33
“¿“‡Œ§,44,2.1,1,0.05,7,0.33,5,0.24,6,0.29,6,0.29,9,0.43,4,0.19,6,0.29
ìŒ§,16,1.23,1,0.08,6,0.46,2,0.15,0,0,1,0.08,1,0.08,2,0.15,3,0.23
ˆ¤•QŒ§,52,2.74,3,0.23,8,0.4,7,0.35,11,0.55,7,0.35,7,0.35,3,0.15,6,0.3
‚’mŒ§,20,1,1,0.05,5,0.25,3,0.15,1,0.05,3,0.15,3,0.15,2,0.1,2,0.1
•Ÿ‰ªŒ§,153,2.19,11,0.16,24,0.34,23,0.33,26,0.37,25,0.36,12,0.17,16,0.23,16,0.23
²‰êŒ§,42,3.82,1,0.1,6,0.5,9,0.75,5,0.42,6,0.5,6,0.5,3,0.25,6,0.5
’·èŒ§,47,1.57,0,0,7,0.23,6,0.19,9,0.29,9,0.29,3,0.1,6,0.19,7,0.23
ŒF–{Œ§,155,3.23,4,0.08,21,0.44,21,0.44,26,0.54,19,0.4,27,0.56,20,0.42,17,0.35
‘å•ªŒ§,103,2.86,8,0.22,9,0.25,16,0.44,17,0.47,15,0.42,15,0.42,10,0.28,13,0.36
‹{èŒ§,52,3.71,3,0.25,6,0.4,8,0.53,8,0.53,6,0.4,5,0.33,5,0.33,11,0.73
Ž­Ž™“‡Œ§,62,2,3,0.1,5,0.16,8,0.26,12,0.39,16,0.52,6,0.19,6,0.19,6,0.19
‰«“êŒ§,35,1.4,6,0.24,6,0.24,1,0.04,5,0.2,5,0.2,5,0.2,4,0.16,3,0.12
,,,,,,,,,,,,,,,,,,
ƒwƒ‹ƒpƒ“ƒM[ƒi,,,,,,,,,,,,,,,,,,
,‘”,‘”,01T,01T,02T,02T,03T,03T,04T,04T,05T,05T,06T,06T,07T,07T,08T,08T
,•ñ,’è“–,•ñ,’è“–,•ñ,’è“–,•ñ,’è“–,•ñ,’è“–,•ñ,’è“–,•ñ,’è“–,•ñ,’è“–,•ñ,’è“–
‘”,265,0.12,18,0.01,36,0.02,45,0.02,37,0.02,34,0.01,30,0.01,33,0.01,32,0.01
–kŠC“¹,7,0.07,0,0,0,0,1,0.01,0,0,1,0.01,2,0.02,1,0.01,2,0.02
ÂXŒ§,5,0.15,0,0,1,0.03,1,0.03,0,0,0,0,0,0,3,0.09,0,0
ŠâŽèŒ§,0,0,0,0,0,0,0,0,0,0,0,0,0,0,0,0,0,0
‹{éŒ§,1,0.03,0,0,0,0,0,0,0,0,0,0,1,0.03,0,0,0,0
H“cŒ§,3,0.25,0,0,1,0.08,0,0,2,0.15,0,0,0,0,0,0,0,0
ŽRŒ`Œ§,2,0.08,0,0,0,0,0,0,0,0,1,0.04,0,0,1,0.04,0,0
•Ÿ“‡Œ§,1,0.04,0,0,1,0.04,0,0,0,0,0,0,0,0,0,0,0,0
ˆïéŒ§,4,0.11,2,0.07,0,0,1,0.03,0,0,0,0,1,0.03,0,0,0,0
“È–ØŒ§,5,0.2,0,0,2,0.07,2,0.07,0,0,0,0,1,0.04,0,0,0,0
ŒQ”nŒ§,0,0,0,0,0,0,0,0,0,0,0,0,0,0,0,0,0,0
é‹ÊŒ§,15,0.14,1,0.01,1,0.01,4,0.04,1,0.01,4,0.04,3,0.03,1,0.01,0,0
ç—tŒ§,8,0.07,0,0,3,0.03,2,0.02,1,0.01,1,0.01,1,0.01,0,0,0,0
“Œ‹ž“s,19,0.08,2,0.01,2,0.01,3,0.01,2,0.01,3,0.01,3,0.01,2,0.01,2,0.01
_“ÞìŒ§,3,0.02,0,0,0,0,2,0.01,0,0,0,0,0,0,1,0.01,0,0
VŠƒŒ§,2,0.07,0,0,0,0,1,0.03,0,0,0,0,1,0.03,0,0,0,0
•xŽRŒ§,11,0.39,0,0,2,0.07,2,0.07,2,0.07,1,0.03,2,0.07,1,0.03,1,0.03
ÎìŒ§,13,0.46,0,0,1,0.04,0,0,0,0,3,0.11,1,0.04,3,0.11,5,0.18
•ŸˆäŒ§,21,0.84,0,0,1,0.04,4,0.16,7,0.28,1,0.04,1,0.04,3,0.12,4,0.16
ŽR—œŒ§,0,0,0,0,0,0,0,0,0,0,0,0,0,0,0,0,0,0
’·–ìŒ§,3,0.11,0,0,1,0.04,0,0,0,0,0,0,0,0,1,0.04,1,0.04
Šò•ŒŒ§,2,0.08,1,0.04,0,0,0,0,0,0,0,0,0,0,1,0.04,0,0
Ã‰ªŒ§,3,0.03,0,0,1,0.01,0,0,0,0,1,0.01,0,0,0,0,1,0.01
ˆ¤’mŒ§,4,0.04,0,0,0,0,1,0.01,0,0,1,0.01,1,0.01,0,0,1,0.01
ŽOdŒ§,0,0,0,0,0,0,0,0,0,0,0,0,0,0,0,0,0,0
Ž ‰êŒ§,1,0.03,0,0,0,0,1,0.03,0,0,0,0,0,0,0,0,0,0
‹ž“s•{,0,0,0,0,0,0,0,0,0,0,0,0,0,0,0,0,0,0
‘åã•{,27,0.15,0,0,5,0.03,3,0.02,3,0.02,5,0.03,4,0.02,3,0.02,4,0.02
•ºŒÉŒ§,11,0.11,0,0,2,0.02,2,0.02,1,0.01,2,0.02,1,0.01,3,0.03,0,0
“Þ—ÇŒ§,0,0,0,0,0,0,0,0,0,0,0,0,0,0,0,0,0,0
˜a‰ÌŽRŒ§,0,0,0,0,0,0,0,0,0,0,0,0,0,0,0,0,0,0
’¹ŽæŒ§,1,0.05,0,0,0,0,1,0.05,0,0,0,0,0,0,0,0,0,0
“‡ªŒ§,1,0.09,0,0,0,0,0,0,1,0.09,0,0,0,0,0,0,0,0
‰ªŽRŒ§,13,0.46,0,0,2,0.07,3,0.11,1,0.04,1,0.04,1,0.04,2,0.07,3,0.11
L“‡Œ§,3,0.06,0,0,1,0.02,1,0.02,0,0,0,0,0,0,0,0,1,0.02
ŽRŒûŒ§,2,0.05,1,0.03,0,0,0,0,1,0.03,0,0,0,0,0,0,0,0
“¿“‡Œ§,2,0.1,0,0,1,0.05,1,0.05,0,0,0,0,0,0,0,0,0,0
ìŒ§,0,0,0,0,0,0,0,0,0,0,0,0,0,0,0,0,0,0
ˆ¤•QŒ§,0,0,0,0,0,0,0,0,0,0,0,0,0,0,0,0,0,0
‚’mŒ§,2,0.1,0,0,1,0.05,0,0,0,0,0,0,0,0,1,0.05,0,0
•Ÿ‰ªŒ§,24,0.34,5,0.07,2,0.03,3,0.04,7,0.1,3,0.04,1,0.01,1,0.01,2,0.03
²‰êŒ§,3,0.27,0,0,0,0,0,0,2,0.17,0,0,1,0.08,0,0,0,0
’·èŒ§,7,0.23,0,0,3,0.1,0,0,2,0.06,0,0,1,0.03,0,0,1,0.03
ŒF–{Œ§,20,0.42,1,0.02,1,0.02,3,0.06,3,0.06,6,0.13,2,0.04,1,0.02,3,0.06
‘å•ªŒ§,5,0.14,2,0.06,0,0,0,0,0,0,0,0,0,0,3,0.08,0,0
‹{èŒ§,1,0.07,0,0,0,0,0,0,0,0,0,0,0,0,0,0,1,0.07
Ž­Ž™“‡Œ§,2,0.06,1,0.03,1,0.03,0,0,0,0,0,0,0,0,0,0,0,0
‰«“êŒ§,8,0.32,2,0.08,0,0,3,0.12,1,0.04,0,0,1,0.04,1,0.04,0,0
,,,,,,,,,,,,,,,,,,
—¬s«Ž¨‰º‘B‰Š,,,,,,,,,,,,,,,,,,
,‘”,‘”,01T,01T,02T,02T,03T,03T,04T,04T,05T,05T,06T,06T,07T,07T,08T,08T
,•ñ,’è“–,•ñ,’è“–,•ñ,’è“–,•ñ,’è“–,•ñ,’è“–,•ñ,’è“–,•ñ,’è“–,•ñ,’è“–,•ñ,’è“–
‘”,440,0.19,22,0.01,65,0.03,54,0.02,70,0.03,69,0.03,72,0.03,44,0.02,44,0.02
–kŠC“¹,6,0.06,0,0,2,0.02,0,0,0,0,1,0.01,1,0.01,2,0.02,0,0
ÂXŒ§,3,0.09,0,0,1,0.03,0,0,2,0.06,0,0,0,0,0,0,0,0
ŠâŽèŒ§,2,0.07,0,0,0,0,0,0,1,0.04,1,0.04,0,0,0,0,0,0
‹{éŒ§,6,0.19,0,0,1,0.03,0,0,0,0,1,0.03,4,0.13,0,0,0,0
H“cŒ§,1,0.08,0,0,0,0,0,0,0,0,1,0.08,0,0,0,0,0,0
ŽRŒ`Œ§,2,0.08,0,0,1,0.04,0,0,1,0.04,0,0,0,0,0,0,0,0
•Ÿ“‡Œ§,6,0.21,0,0,2,0.07,2,0.07,1,0.04,1,0.04,0,0,0,0,0,0
ˆïéŒ§,5,0.14,1,0.03,0,0,1,0.03,0,0,1,0.03,1,0.03,1,0.03,0,0
“È–ØŒ§,4,0.16,0,0,1,0.04,0,0,0,0,1,0.04,2,0.07,0,0,0,0
ŒQ”nŒ§,6,0.26,1,0.07,1,0.04,1,0.04,2,0.08,0,0,1,0.04,0,0,0,0
é‹ÊŒ§,40,0.38,2,0.03,2,0.02,4,0.04,8,0.07,6,0.05,12,0.11,4,0.04,2,0.02
ç—tŒ§,28,0.26,0,0,3,0.03,5,0.05,4,0.04,5,0.05,5,0.05,4,0.04,2,0.02
“Œ‹ž“s,58,0.23,1,0.01,9,0.03,9,0.03,11,0.04,4,0.02,7,0.03,5,0.02,12,0.05
_“ÞìŒ§,40,0.3,1,0.01,6,0.04,6,0.04,5,0.04,10,0.07,5,0.04,3,0.02,4,0.03
VŠƒŒ§,10,0.33,0,0,1,0.03,0,0,1,0.03,4,0.13,2,0.07,2,0.07,0,0
•xŽRŒ§,4,0.14,0,0,2,0.07,0,0,0,0,1,0.03,0,0,1,0.03,0,0
ÎìŒ§,2,0.07,0,0,1,0.04,0,0,0,0,0,0,0,0,1,0.04,0,0
•ŸˆäŒ§,3,0.12,0,0,0,0,1,0.04,1,0.04,0,0,0,0,1,0.04,0,0
ŽR—œŒ§,2,0.1,0,0,1,0.05,0,0,0,0,0,0,0,0,1,0.05,0,0
’·–ìŒ§,7,0.26,0,0,1,0.04,1,0.04,1,0.04,1,0.04,0,0,1,0.04,2,0.07
Šò•ŒŒ§,3,0.12,0,0,0,0,0,0,0,0,2,0.07,1,0.04,0,0,0,0
Ã‰ªŒ§,13,0.15,2,0.02,1,0.01,0,0,2,0.02,1,0.01,3,0.03,1,0.01,3,0.03
ˆ¤’mŒ§,13,0.13,0,0,1,0.01,0,0,1,0.01,2,0.02,4,0.04,2,0.02,3,0.03
ŽOdŒ§,2,0.05,1,0.04,0,0,0,0,0,0,0,0,0,0,0,0,1,0.02
Ž ‰êŒ§,6,0.18,1,0.04,1,0.03,0,0,1,0.03,0,0,1,0.03,0,0,2,0.06
‹ž“s•{,9,0.23,0,0,3,0.08,1,0.03,1,0.03,2,0.05,2,0.05,0,0,0,0
‘åã•{,36,0.19,5,0.03,2,0.01,5,0.03,8,0.04,3,0.02,6,0.03,1,0.01,6,0.03
•ºŒÉŒ§,21,0.21,0,0,4,0.04,4,0.04,4,0.04,4,0.04,3,0.03,0,0,2,0.02
“Þ—ÇŒ§,2,0.1,0,0,0,0,1,0.04,0,0,0,0,0,0,1,0.04,0,0
˜a‰ÌŽRŒ§,6,0.23,1,0.04,1,0.04,0,0,1,0.04,2,0.07,0,0,1,0.04,0,0
’¹ŽæŒ§,1,0.05,1,0.05,0,0,0,0,0,0,0,0,0,0,0,0,0,0
“‡ªŒ§,2,0.18,0,0,0,0,0,0,0,0,0,0,2,0.18,0,0,0,0
‰ªŽRŒ§,9,0.32,3,0.11,0,0,2,0.07,2,0.07,1,0.04,0,0,0,0,1,0.04
L“‡Œ§,9,0.17,1,0.03,1,0.02,0,0,3,0.05,3,0.05,0,0,1,0.02,0,0
ŽRŒûŒ§,8,0.2,1,0.03,2,0.05,1,0.03,2,0.05,0,0,2,0.05,0,0,0,0
“¿“‡Œ§,0,0,0,0,0,0,0,0,0,0,0,0,0,0,0,0,0,0
ìŒ§,1,0.08,0,0,0,0,0,0,0,0,0,0,0,0,0,0,1,0.08
ˆ¤•QŒ§,3,0.16,0,0,0,0,0,0,0,0,1,0.05,0,0,2,0.1,0,0
‚’mŒ§,3,0.15,0,0,1,0.05,0,0,0,0,2,0.1,0,0,0,0,0,0
•Ÿ‰ªŒ§,12,0.17,0,0,5,0.07,1,0.01,1,0.01,1,0.01,1,0.01,1,0.01,2,0.03
²‰êŒ§,1,0.09,0,0,0,0,0,0,0,0,0,0,1,0.08,0,0,0,0
’·èŒ§,2,0.07,0,0,1,0.03,0,0,0,0,1,0.03,0,0,0,0,0,0
ŒF–{Œ§,13,0.27,0,0,3,0.06,3,0.06,2,0.04,2,0.04,1,0.02,2,0.04,0,0
‘å•ªŒ§,14,0.39,0,0,2,0.06,4,0.11,4,0.11,1,0.03,2,0.06,1,0.03,0,0
‹{èŒ§,1,0.07,0,0,0,0,0,0,0,0,0,0,0,0,0,0,1,0.07
Ž­Ž™“‡Œ§,8,0.26,0,0,1,0.03,1,0.03,0,0,1,0.03,2,0.06,3,0.1,0,0
‰«“êŒ§,7,0.28,0,0,1,0.04,1,0.04,0,0,2,0.08,1,0.04,2,0.08,0,0
,,,,,,,,,,,,,,,,,,
‹}«oŒŒ«Œ‹–Œ‰Š,,,,,,,,,,,,,,,,,,
,‘”,‘”,01T,01T,02T,02T,03T,03T,04T,04T,05T,05T,06T,06T,07T,07T,08T,08T
,•ñ,’è“–,•ñ,’è“–,•ñ,’è“–,•ñ,’è“–,•ñ,’è“–,•ñ,’è“–,•ñ,’è“–,•ñ,’è“–,•ñ,’è“–
‘”,52,0.08,3,0.01,7,0.01,11,0.02,8,0.01,1,0,5,0.01,8,0.01,9,0.01
–kŠC“¹,0,0,0,0,0,0,0,0,0,0,0,0,0,0,0,0,0,0
ÂXŒ§,0,0,0,0,0,0,0,0,0,0,0,0,0,0,0,0,0,0
ŠâŽèŒ§,0,0,0,0,0,0,0,0,0,0,0,0,0,0,0,0,0,0
‹{éŒ§,1,0.08,0,0,0,0,1,0.08,0,0,0,0,0,0,0,0,0,0
H“cŒ§,3,0.5,0,0,0,0,1,0.14,1,0.14,0,0,0,0,0,0,1,0.14
ŽRŒ`Œ§,0,0,0,0,0,0,0,0,0,0,0,0,0,0,0,0,0,0
•Ÿ“‡Œ§,1,0.08,1,0.08,0,0,0,0,0,0,0,0,0,0,0,0,0,0
ˆïéŒ§,0,0,0,0,0,0,0,0,0,0,0,0,0,0,0,0,0,0
“È–ØŒ§,0,0,0,0,0,0,0,0,0,0,0,0,0,0,0,0,0,0
ŒQ”nŒ§,0,0,0,0,0,0,0,0,0,0,0,0,0,0,0,0,0,0
é‹ÊŒ§,12,0.31,1,0.08,2,0.05,1,0.02,1,0.02,0,0,1,0.02,3,0.07,3,0.07
ç—tŒ§,0,0,0,0,0,0,0,0,0,0,0,0,0,0,0,0,0,0
“Œ‹ž“s,2,0.05,0,0,1,0.03,0,0,0,0,1,0.03,0,0,0,0,0,0
_“ÞìŒ§,4,0.09,0,0,0,0,3,0.06,0,0,0,0,0,0,1,0.02,0,0
VŠƒŒ§,1,0.1,0,0,1,0.1,0,0,0,0,0,0,0,0,0,0,0,0
•xŽRŒ§,0,0,0,0,0,0,0,0,0,0,0,0,0,0,0,0,0,0
ÎìŒ§,0,0,0,0,0,0,0,0,0,0,0,0,0,0,0,0,0,0
•ŸˆäŒ§,0,0,0,0,0,0,0,0,0,0,0,0,0,0,0,0,0,0
ŽR—œŒ§,0,0,0,0,0,0,0,0,0,0,0,0,0,0,0,0,0,0
’·–ìŒ§,0,0,0,0,0,0,0,0,0,0,0,0,0,0,0,0,0,0
Šò•ŒŒ§,0,0,0,0,0,0,0,0,0,0,0,0,0,0,0,0,0,0
Ã‰ªŒ§,0,0,0,0,0,0,0,0,0,0,0,0,0,0,0,0,0,0
ˆ¤’mŒ§,4,0.11,0,0,1,0.03,0,0,0,0,0,0,0,0,3,0.09,0,0
ŽOdŒ§,1,0.09,0,0,0,0,1,0.08,0,0,0,0,0,0,0,0,0,0
Ž ‰êŒ§,0,0,0,0,0,0,0,0,0,0,0,0,0,0,0,0,0,0
‹ž“s•{,1,0.06,0,0,0,0,1,0.06,0,0,0,0,0,0,0,0,0,0
‘åã•{,3,0.06,0,0,0,0,0,0,2,0.04,0,0,0,0,0,0,1,0.02
•ºŒÉŒ§,3,0.09,0,0,0,0,0,0,1,0.03,0,0,2,0.06,0,0,0,0
“Þ—ÇŒ§,0,0,0,0,0,0,0,0,0,0,0,0,0,0,0,0,0,0
˜a‰ÌŽRŒ§,1,0.33,0,0,0,0,0,0,0,0,0,0,0,0,1,0.25,0,0
’¹ŽæŒ§,0,0,0,0,0,0,0,0,0,0,0,0,0,0,0,0,0,0
“‡ªŒ§,0,0,0,0,0,0,0,0,0,0,0,0,0,0,0,0,0,0
‰ªŽRŒ§,0,0,0,0,0,0,0,0,0,0,0,0,0,0,0,0,0,0
L“‡Œ§,0,0,0,0,0,0,0,0,0,0,0,0,0,0,0,0,0,0
ŽRŒûŒ§,0,0,0,0,0,0,0,0,0,0,0,0,0,0,0,0,0,0
“¿“‡Œ§,0,0,0,0,0,0,0,0,0,0,0,0,0,0,0,0,0,0
ìŒ§,2,0.5,0,0,0,0,1,0.2,0,0,0,0,0,0,0,0,1,0.2
ˆ¤•QŒ§,0,0,0,0,0,0,0,0,0,0,0,0,0,0,0,0,0,0
‚’mŒ§,0,0,0,0,0,0,0,0,0,0,0,0,0,0,0,0,0,0
•Ÿ‰ªŒ§,8,0.31,0,0,1,0.04,1,0.04,3,0.12,0,0,2,0.08,0,0,1,0.04
²‰êŒ§,0,0,0,0,0,0,0,0,0,0,0,0,0,0,0,0,0,0
’·èŒ§,2,0.29,0,0,1,0.13,1,0.13,0,0,0,0,0,0,0,0,0,0
ŒF–{Œ§,2,0.25,0,0,0,0,0,0,0,0,0,0,0,0,0,0,2,0.22
‘å•ªŒ§,1,0.2,1,0.2,0,0,0,0,0,0,0,0,0,0,0,0,0,0
‹{èŒ§,0,0,0,0,0,0,0,0,0,0,0,0,0,0,0,0,0,0
Ž­Ž™“‡Œ§,0,0,0,0,0,0,0,0,0,0,0,0,0,0,0,0,0,0
‰«“êŒ§,0,0,0,0,0,0,0,0,0,0,0,0,0,0,0,0,0,0
,,,,,,,,,,,,,,,,,,
—¬s«ŠpŒ‹–Œ‰Š,,,,,,,,,,,,,,,,,,
,‘”,‘”,01T,01T,02T,02T,03T,03T,04T,04T,05T,05T,06T,06T,07T,07T,08T,08T
,•ñ,’è“–,•ñ,’è“–,•ñ,’è“–,•ñ,’è“–,•ñ,’è“–,•ñ,’è“–,•ñ,’è“–,•ñ,’è“–,•ñ,’è“–
‘”,2313,3.44,68,0.13,453,0.65,303,0.44,310,0.45,277,0.4,304,0.44,305,0.44,293,0.42
–kŠC“¹,28,1.04,4,0.2,4,0.14,2,0.07,5,0.17,3,0.1,2,0.07,6,0.21,2,0.07
ÂXŒ§,1,0.11,0,0,0,0,0,0,1,0.1,0,0,0,0,0,0,0,0
ŠâŽèŒ§,27,1.93,4,0.29,6,0.43,3,0.21,2,0.14,3,0.21,1,0.07,4,0.29,4,0.29
‹{éŒ§,34,2.83,0,0,9,0.75,6,0.5,2,0.17,4,0.33,6,0.5,1,0.08,6,0.5
H“cŒ§,19,3.17,0,0,1,0.14,3,0.43,4,0.57,2,0.29,3,0.43,2,0.29,4,0.57
ŽRŒ`Œ§,42,6,1,0.17,9,1.13,4,0.5,6,0.75,5,0.63,6,0.75,7,0.88,4,0.5
•Ÿ“‡Œ§,79,6.08,3,0.23,17,1.31,15,1.15,8,0.62,11,0.85,9,0.69,6,0.46,10,0.77
ˆïéŒ§,143,8.94,4,0.31,27,1.59,22,1.29,27,1.59,20,1.18,13,0.76,15,0.88,15,0.88
“È–ØŒ§,55,5,0,0,9,0.75,5,0.42,11,0.92,4,0.33,8,0.67,13,1.08,5,0.42
ŒQ”nŒ§,32,3.56,4,0.8,3,0.3,4,0.4,3,0.3,3,0.3,5,0.5,7,0.7,3,0.3
é‹ÊŒ§,86,2.21,3,0.23,21,0.49,10,0.23,10,0.23,10,0.23,8,0.19,14,0.33,10,0.23
ç—tŒ§,97,3.03,1,0.04,20,0.59,11,0.32,11,0.32,9,0.26,16,0.47,10,0.29,19,0.56
“Œ‹ž“s,68,1.84,5,0.19,15,0.38,11,0.28,5,0.13,8,0.21,6,0.15,7,0.18,11,0.29
_“ÞìŒ§,205,4.36,3,0.11,34,0.68,29,0.57,34,0.69,32,0.64,23,0.47,21,0.4,29,0.58
VŠƒŒ§,8,0.8,1,0.1,3,0.3,1,0.1,1,0.1,1,0.1,1,0.1,0,0,0,0
•xŽRŒ§,5,0.83,0,0,0,0,0,0,1,0.14,0,0,0,0,2,0.29,2,0.29
ÎìŒ§,58,8.29,3,0.43,7,1,7,1,10,1.43,4,0.57,13,1.86,5,0.71,9,1.29
•ŸˆäŒ§,2,0.67,0,0,0,0,1,0.33,0,0,1,0.33,0,0,0,0,0,0
ŽR—œŒ§,12,1.33,0,0,1,0.11,2,0.22,1,0.11,2,0.22,2,0.22,3,0.33,1,0.11
’·–ìŒ§,88,9.78,4,0.67,13,1.3,12,1.2,14,1.4,9,0.9,13,1.3,16,1.6,7,0.7
Šò•ŒŒ§,6,0.55,0,0,0,0,3,0.27,0,0,0,0,0,0,1,0.09,2,0.18
Ã‰ªŒ§,20,0.91,0,0,1,0.05,1,0.05,0,0,5,0.23,5,0.23,6,0.27,2,0.09
ˆ¤’mŒ§,77,2.2,0,0,25,0.71,6,0.17,6,0.17,11,0.31,9,0.26,9,0.26,11,0.31
ŽOdŒ§,16,1.45,1,0.17,2,0.17,3,0.25,2,0.17,1,0.08,1,0.08,4,0.33,2,0.17
Ž ‰êŒ§,1,0.11,0,0,1,0.11,0,0,0,0,0,0,0,0,0,0,0,0
‹ž“s•{,10,0.59,0,0,2,0.11,0,0,3,0.17,1,0.06,2,0.11,2,0.11,0,0
‘åã•{,114,2.24,2,0.04,27,0.53,13,0.25,18,0.35,14,0.27,19,0.37,6,0.12,15,0.29
•ºŒÉŒ§,47,1.42,0,0,9,0.26,6,0.17,7,0.2,9,0.26,7,0.2,4,0.11,5,0.15
“Þ—ÇŒ§,21,2.63,0,0,3,0.33,2,0.22,1,0.1,3,0.3,4,0.4,7,0.7,1,0.11
˜a‰ÌŽRŒ§,7,2.33,0,0,3,0.75,1,0.25,0,0,2,0.5,0,0,1,0.25,0,0
’¹ŽæŒ§,3,0.6,0,0,1,0.2,0,0,0,0,1,0.2,0,0,1,0.2,0,0
“‡ªŒ§,14,4.67,0,0,5,1.67,1,0.33,1,0.33,3,1,1,0.33,0,0,3,1
‰ªŽRŒ§,13,1.08,0,0,4,0.33,3,0.25,1,0.08,1,0.08,2,0.17,1,0.08,1,0.08
L“‡Œ§,104,5.78,1,0.09,18,0.95,9,0.47,13,0.68,17,0.89,10,0.53,21,1.11,15,0.79
ŽRŒûŒ§,20,2.22,0,0,4,0.44,2,0.22,3,0.33,2,0.22,6,0.67,1,0.11,2,0.22
“¿“‡Œ§,3,0.75,0,0,2,0.5,0,0,0,0,1,0.25,0,0,0,0,0,0
ìŒ§,19,4.75,0,0,1,0.2,2,0.4,3,0.6,4,0.8,4,0.8,3,0.6,2,0.4
ˆ¤•QŒ§,105,15,4,1.33,11,1.38,15,1.88,12,1.5,19,2.38,15,1.88,17,2.13,12,1.5
‚’mŒ§,3,1,0,0,2,0.67,0,0,0,0,0,0,1,0.33,0,0,0,0
•Ÿ‰ªŒ§,141,5.42,5,0.19,37,1.42,19,0.73,15,0.58,9,0.35,19,0.73,23,0.88,14,0.54
²‰êŒ§,6,2,0,0,2,0.5,1,0.25,1,0.25,1,0.25,0,0,0,0,1,0.25
’·èŒ§,99,14.14,1,0.14,18,2.25,14,1.75,11,1.38,5,0.63,12,1.5,22,2.75,16,2
ŒF–{Œ§,55,6.88,1,0.14,12,1.33,10,1.11,11,1.22,4,0.44,7,0.78,5,0.56,5,0.56
‘å•ªŒ§,24,4.8,3,0.6,5,1,0,0,3,0.6,4,0.8,2,0.4,4,0.8,3,0.6
‹{èŒ§,60,12,5,1.25,13,2.17,4,0.67,9,1.5,6,1,10,1.67,7,1.17,6,1
Ž­Ž™“‡Œ§,48,6.86,0,0,7,1,11,1.57,6,0.86,8,1.14,3,0.43,5,0.71,8,1.14
‰«“êŒ§,188,20.89,5,0.56,39,4.33,29,3.22,28,3.11,15,1.67,30,3.33,16,1.78,26,2.89
,,,,,,,,,,,,,,,,,,
×‹Û«‘–Œ‰Š,,,,,,,,,,,,,,,,,,
,‘”,‘”,01T,01T,02T,02T,03T,03T,04T,04T,05T,05T,06T,06T,07T,07T,08T,08T
,•ñ,’è“–,•ñ,’è“–,•ñ,’è“–,•ñ,’è“–,•ñ,’è“–,•ñ,’è“–,•ñ,’è“–,•ñ,’è“–,•ñ,’è“–
‘”,62,0.13,8,0.02,10,0.02,5,0.01,9,0.02,7,0.01,5,0.01,5,0.01,13,0.03
–kŠC“¹,1,0.04,1,0.04,0,0,0,0,0,0,0,0,0,0,0,0,0,0
ÂXŒ§,3,0.5,0,0,0,0,0,0,1,0.17,0,0,0,0,0,0,2,0.33
ŠâŽèŒ§,1,0.05,0,0,0,0,0,0,0,0,0,0,0,0,0,0,1,0.05
‹{éŒ§,0,0,0,0,0,0,0,0,0,0,0,0,0,0,0,0,0,0
H“cŒ§,0,0,0,0,0,0,0,0,0,0,0,0,0,0,0,0,0,0
ŽRŒ`Œ§,1,0.1,0,0,0,0,0,0,0,0,0,0,0,0,1,0.1,0,0
•Ÿ“‡Œ§,1,0.14,0,0,0,0,0,0,0,0,0,0,0,0,0,0,1,0.14
ˆïéŒ§,1,0.08,1,0.08,0,0,0,0,0,0,0,0,0,0,0,0,0,0
“È–ØŒ§,0,0,0,0,0,0,0,0,0,0,0,0,0,0,0,0,0,0
ŒQ”nŒ§,0,0,0,0,0,0,0,0,0,0,0,0,0,0,0,0,0,0
é‹ÊŒ§,3,0.25,0,0,1,0.08,0,0,0,0,1,0.08,0,0,0,0,1,0.08
ç—tŒ§,6,0.67,1,0.11,1,0.11,0,0,1,0.11,1,0.11,2,0.22,0,0,0,0
“Œ‹ž“s,4,0.16,0,0,1,0.04,0,0,3,0.12,0,0,0,0,0,0,0,0
_“ÞìŒ§,6,0.5,1,0.08,2,0.17,0,0,1,0.08,0,0,0,0,1,0.08,1,0.08
VŠƒŒ§,2,0.15,1,0.08,0,0,1,0.08,0,0,0,0,0,0,0,0,0,0
•xŽRŒ§,1,0.2,0,0,0,0,0,0,0,0,0,0,1,0.2,0,0,0,0
ÎìŒ§,0,0,0,0,0,0,0,0,0,0,0,0,0,0,0,0,0,0
•ŸˆäŒ§,1,0.17,0,0,0,0,0,0,1,0.17,0,0,0,0,0,0,0,0
ŽR—œŒ§,1,0.1,0,0,0,0,0,0,0,0,0,0,0,0,1,0.1,0,0
’·–ìŒ§,2,0.17,0,0,0,0,1,0.08,0,0,0,0,0,0,1,0.08,0,0
Šò•ŒŒ§,2,0.4,1,0.2,0,0,0,0,0,0,0,0,0,0,1,0.2,0,0
Ã‰ªŒ§,1,0.1,1,0.1,0,0,0,0,0,0,0,0,0,0,0,0,0,0
ˆ¤’mŒ§,0,0,0,0,0,0,0,0,0,0,0,0,0,0,0,0,0,0
ŽOdŒ§,0,0,0,0,0,0,0,0,0,0,0,0,0,0,0,0,0,0
Ž ‰êŒ§,0,0,0,0,0,0,0,0,0,0,0,0,0,0,0,0,0,0
‹ž“s•{,1,0.14,0,0,0,0,0,0,0,0,1,0.14,0,0,0,0,0,0
‘åã•{,4,0.22,0,0,1,0.06,1,0.06,0,0,1,0.06,0,0,0,0,1,0.06
•ºŒÉŒ§,3,0.21,0,0,0,0,1,0.07,0,0,1,0.07,0,0,0,0,1,0.07
“Þ—ÇŒ§,0,0,0,0,0,0,0,0,0,0,0,0,0,0,0,0,0,0
˜a‰ÌŽRŒ§,1,0.09,1,0.09,0,0,0,0,0,0,0,0,0,0,0,0,0,0
’¹ŽæŒ§,2,0.4,0,0,0,0,0,0,0,0,1,0.2,0,0,0,0,1,0.2
“‡ªŒ§,0,0,0,0,0,0,0,0,0,0,0,0,0,0,0,0,0,0
‰ªŽRŒ§,1,0.2,0,0,0,0,0,0,0,0,0,0,1,0.2,0,0,0,0
L“‡Œ§,0,0,0,0,0,0,0,0,0,0,0,0,0,0,0,0,0,0
ŽRŒûŒ§,1,0.11,0,0,1,0.11,0,0,0,0,0,0,0,0,0,0,0,0
“¿“‡Œ§,0,0,0,0,0,0,0,0,0,0,0,0,0,0,0,0,0,0
ìŒ§,3,0.6,0,0,0,0,0,0,0,0,0,0,0,0,0,0,3,0.6
ˆ¤•QŒ§,0,0,0,0,0,0,0,0,0,0,0,0,0,0,0,0,0,0
‚’mŒ§,2,0.25,0,0,1,0.13,0,0,0,0,1,0.13,0,0,0,0,0,0
•Ÿ‰ªŒ§,3,0.2,0,0,1,0.07,1,0.07,0,0,0,0,1,0.07,0,0,0,0
²‰êŒ§,2,0.33,0,0,0,0,0,0,2,0.33,0,0,0,0,0,0,0,0
’·èŒ§,0,0,0,0,0,0,0,0,0,0,0,0,0,0,0,0,0,0
ŒF–{Œ§,1,0.07,0,0,1,0.07,0,0,0,0,0,0,0,0,0,0,0,0
‘å•ªŒ§,0,0,0,0,0,0,0,0,0,0,0,0,0,0,0,0,0,0
‹{èŒ§,0,0,0,0,0,0,0,0,0,0,0,0,0,0,0,0,0,0
Ž­Ž™“‡Œ§,0,0,0,0,0,0,0,0,0,0,0,0,0,0,0,0,0,0
‰«“êŒ§,1,0.14,0,0,0,0,0,0,0,0,0,0,0,0,0,0,1,0.14
,,,,,,,,,,,,,,,,,,
–³‹Û«‘–Œ‰Š,,,,,,,,,,,,,,,,,,
,‘”,‘”,01T,01T,02T,02T,03T,03T,04T,04T,05T,05T,06T,06T,07T,07T,08T,08T
,•ñ,’è“–,•ñ,’è“–,•ñ,’è“–,•ñ,’è“–,•ñ,’è“–,•ñ,’è“–,•ñ,’è“–,•ñ,’è“–,•ñ,’è“–
‘”,104,0.22,14,0.03,15,0.03,12,0.02,15,0.03,11,0.02,12,0.02,12,0.02,13,0.03
–kŠC“¹,2,0.09,1,0.04,0,0,0,0,0,0,1,0.04,0,0,0,0,0,0
ÂXŒ§,1,0.17,1,0.17,0,0,0,0,0,0,0,0,0,0,0,0,0,0
ŠâŽèŒ§,4,0.21,0,0,1,0.05,1,0.05,0,0,0,0,1,0.05,0,0,1,0.05
‹{éŒ§,0,0,0,0,0,0,0,0,0,0,0,0,0,0,0,0,0,0
H“cŒ§,0,0,0,0,0,0,0,0,0,0,0,0,0,0,0,0,0,0
ŽRŒ`Œ§,1,0.1,0,0,0,0,1,0.1,0,0,0,0,0,0,0,0,0,0
•Ÿ“‡Œ§,1,0.14,0,0,0,0,0,0,0,0,1,0.14,0,0,0,0,0,0
ˆïéŒ§,2,0.15,0,0,1,0.08,0,0,0,0,1,0.08,0,0,0,0,0,0
“È–ØŒ§,2,0.29,0,0,2,0.29,0,0,0,0,0,0,0,0,0,0,0,0
ŒQ”nŒ§,1,0.11,0,0,0,0,0,0,0,0,0,0,0,0,0,0,1,0.11
é‹ÊŒ§,8,0.67,0,0,1,0.08,1,0.08,2,0.17,1,0.08,1,0.08,2,0.17,0,0
ç—tŒ§,2,0.22,1,0.11,0,0,0,0,0,0,0,0,1,0.11,0,0,0,0
“Œ‹ž“s,4,0.16,1,0.04,1,0.04,0,0,0,0,1,0.04,0,0,0,0,1,0.04
_“ÞìŒ§,17,1.42,2,0.17,2,0.17,2,0.17,4,0.33,4,0.33,1,0.08,1,0.08,1,0.08
VŠƒŒ§,0,0,0,0,0,0,0,0,0,0,0,0,0,0,0,0,0,0
•xŽRŒ§,0,0,0,0,0,0,0,0,0,0,0,0,0,0,0,0,0,0
ÎìŒ§,0,0,0,0,0,0,0,0,0,0,0,0,0,0,0,0,0,0
•ŸˆäŒ§,2,0.33,0,0,1,0.17,0,0,1,0.17,0,0,0,0,0,0,0,0
ŽR—œŒ§,0,0,0,0,0,0,0,0,0,0,0,0,0,0,0,0,0,0
’·–ìŒ§,3,0.25,1,0.08,0,0,1,0.08,0,0,0,0,1,0.08,0,0,0,0
Šò•ŒŒ§,1,0.2,0,0,0,0,0,0,1,0.2,0,0,0,0,0,0,0,0
Ã‰ªŒ§,2,0.2,0,0,0,0,0,0,1,0.1,0,0,0,0,0,0,1,0.1
ˆ¤’mŒ§,5,0.33,1,0.07,1,0.07,1,0.07,0,0,0,0,2,0.13,0,0,0,0
ŽOdŒ§,0,0,0,0,0,0,0,0,0,0,0,0,0,0,0,0,0,0
Ž ‰êŒ§,1,0.14,0,0,0,0,0,0,0,0,0,0,0,0,0,0,1,0.14
‹ž“s•{,0,0,0,0,0,0,0,0,0,0,0,0,0,0,0,0,0,0
‘åã•{,3,0.17,0,0,1,0.06,0,0,0,0,0,0,1,0.06,1,0.06,0,0
•ºŒÉŒ§,9,0.64,1,0.07,1,0.07,0,0,2,0.14,0,0,0,0,2,0.14,3,0.21
“Þ—ÇŒ§,6,1,0,0,0,0,1,0.17,0,0,1,0.17,0,0,2,0.33,2,0.33
˜a‰ÌŽRŒ§,0,0,0,0,0,0,0,0,0,0,0,0,0,0,0,0,0,0
’¹ŽæŒ§,3,0.6,0,0,1,0.2,0,0,0,0,0,0,1,0.2,1,0.2,0,0
“‡ªŒ§,3,0.38,0,0,1,0.13,0,0,0,0,0,0,1,0.13,0,0,1,0.13
‰ªŽRŒ§,1,0.2,0,0,0,0,0,0,0,0,0,0,0,0,1,0.2,0,0
L“‡Œ§,1,0.05,0,0,0,0,0,0,1,0.05,0,0,0,0,0,0,0,0
ŽRŒûŒ§,0,0,0,0,0,0,0,0,0,0,0,0,0,0,0,0,0,0
“¿“‡Œ§,1,0.14,0,0,0,0,0,0,0,0,0,0,0,0,0,0,1,0.14
ìŒ§,1,0.2,0,0,0,0,0,0,1,0.2,0,0,0,0,0,0,0,0
ˆ¤•QŒ§,0,0,0,0,0,0,0,0,0,0,0,0,0,0,0,0,0,0
‚’mŒ§,1,0.13,1,0.13,0,0,0,0,0,0,0,0,0,0,0,0,0,0
•Ÿ‰ªŒ§,3,0.2,1,0.07,1,0.07,1,0.07,0,0,0,0,0,0,0,0,0,0
²‰êŒ§,3,0.5,0,0,0,0,0,0,0,0,0,0,2,0.33,1,0.17,0,0
’·èŒ§,2,0.17,1,0.08,0,0,0,0,1,0.08,0,0,0,0,0,0,0,0
ŒF–{Œ§,1,0.07,0,0,0,0,0,0,0,0,0,0,0,0,1,0.07,0,0
‘å•ªŒ§,1,0.09,0,0,0,0,0,0,0,0,1,0.09,0,0,0,0,0,0
‹{èŒ§,0,0,0,0,0,0,0,0,0,0,0,0,0,0,0,0,0,0
Ž­Ž™“‡Œ§,0,0,0,0,0,0,0,0,0,0,0,0,0,0,0,0,0,0
‰«“êŒ§,6,0.86,2,0.29,0,0,3,0.43,1,0.14,0,0,0,0,0,0,0,0
,,,,,,,,,,,,,,,,,,
ƒ}ƒCƒRƒvƒ‰ƒYƒ}”x‰Š,,,,,,,,,,,,,,,,,,
,‘”,‘”,01T,01T,02T,02T,03T,03T,04T,04T,05T,05T,06T,06T,07T,07T,08T,08T
,•ñ,’è“–,•ñ,’è“–,•ñ,’è“–,•ñ,’è“–,•ñ,’è“–,•ñ,’è“–,•ñ,’è“–,•ñ,’è“–,•ñ,’è“–
‘”,1534,3.2,205,0.43,319,0.66,245,0.51,180,0.37,146,0.3,158,0.33,165,0.34,116,0.24
–kŠC“¹,102,4.43,13,0.57,23,1,14,0.61,12,0.52,11,0.48,14,0.61,6,0.26,9,0.39
ÂXŒ§,36,6,3,0.5,4,0.67,5,0.83,2,0.33,3,0.5,8,1.33,6,1,5,0.83
ŠâŽèŒ§,41,2.16,6,0.32,7,0.37,3,0.16,3,0.16,8,0.42,4,0.21,6,0.32,4,0.21
‹{éŒ§,33,3.3,2,0.2,8,0.8,4,0.4,4,0.4,5,0.5,1,0.1,5,0.5,4,0.4
H“cŒ§,52,6.5,13,1.63,15,1.88,10,1.25,2,0.25,4,0.5,5,0.63,1,0.13,2,0.25
ŽRŒ`Œ§,33,3.3,5,0.5,7,0.7,5,0.5,1,0.1,3,0.3,2,0.2,6,0.6,4,0.4
•Ÿ“‡Œ§,20,2.86,5,0.71,5,0.71,3,0.43,0,0,0,0,2,0.29,2,0.29,3,0.43
ˆïéŒ§,69,5.31,12,0.92,17,1.31,9,0.69,3,0.23,5,0.38,14,1.08,6,0.46,3,0.23
“È–ØŒ§,44,6.29,3,0.43,5,0.71,9,1.29,7,1,4,0.57,6,0.86,6,0.86,4,0.57
ŒQ”nŒ§,76,8.44,12,1.33,12,1.33,14,1.56,10,1.11,4,0.44,9,1,9,1,6,0.67
é‹ÊŒ§,37,3.08,3,0.25,5,0.42,7,0.58,2,0.17,3,0.25,5,0.42,8,0.67,4,0.33
ç—tŒ§,14,1.56,2,0.22,3,0.33,1,0.11,3,0.33,2,0.22,3,0.33,0,0,0,0
“Œ‹ž“s,47,1.88,6,0.24,14,0.56,8,0.32,4,0.16,5,0.2,7,0.28,0,0,3,0.12
_“ÞìŒ§,30,2.5,1,0.08,6,0.5,6,0.5,5,0.42,2,0.17,8,0.67,0,0,2,0.17
VŠƒŒ§,70,5.38,12,0.92,14,1.08,10,0.77,8,0.62,6,0.46,9,0.69,4,0.31,7,0.54
•xŽRŒ§,11,2.2,1,0.2,3,0.6,0,0,3,0.6,1,0.2,1,0.2,1,0.2,1,0.2
ÎìŒ§,6,1.2,0,0,2,0.4,1,0.2,1,0.2,0,0,0,0,0,0,2,0.4
•ŸˆäŒ§,23,3.83,1,0.17,2,0.33,3,0.5,4,0.67,4,0.67,1,0.17,6,1,2,0.33
ŽR—œŒ§,13,1.3,1,0.1,3,0.3,1,0.1,2,0.2,2,0.2,0,0,2,0.2,2,0.2
’·–ìŒ§,38,3.17,1,0.08,11,0.92,6,0.5,4,0.33,2,0.17,3,0.25,6,0.5,5,0.42
Šò•ŒŒ§,29,5.8,6,1.2,6,1.2,4,0.8,5,1,1,0.2,0,0,4,0.8,3,0.6
Ã‰ªŒ§,23,2.3,1,0.1,5,0.5,4,0.4,3,0.3,1,0.1,3,0.3,3,0.3,3,0.3
ˆ¤’mŒ§,90,6,5,0.33,20,1.33,18,1.2,13,0.87,12,0.8,9,0.6,11,0.73,2,0.13
ŽOdŒ§,34,4.25,5,0.63,4,0.44,4,0.44,4,0.44,7,0.78,1,0.11,7,0.78,2,0.22
Ž ‰êŒ§,3,0.43,0,0,2,0.29,0,0,0,0,1,0.14,0,0,0,0,0,0
‹ž“s•{,55,7.86,7,1,10,1.43,13,1.86,3,0.43,5,0.71,4,0.57,6,0.86,7,1
‘åã•{,24,1.33,6,0.33,4,0.22,4,0.22,6,0.33,2,0.11,1,0.06,1,0.06,0,0
•ºŒÉŒ§,30,2.14,1,0.07,6,0.43,6,0.43,4,0.29,5,0.36,2,0.14,3,0.21,3,0.21
“Þ—ÇŒ§,10,1.67,0,0,4,0.67,1,0.17,0,0,2,0.33,0,0,2,0.33,1,0.17
˜a‰ÌŽRŒ§,19,1.73,4,0.36,4,0.36,6,0.55,2,0.18,0,0,1,0.09,1,0.09,1,0.09
’¹ŽæŒ§,32,6.4,7,1.4,10,2,6,1.2,3,0.6,4,0.8,0,0,2,0.4,0,0
“‡ªŒ§,30,3.75,2,0.25,10,1.25,4,0.5,8,1,2,0.25,1,0.13,2,0.25,1,0.13
‰ªŽRŒ§,23,4.6,3,0.6,5,1,6,1.2,1,0.2,4,0.8,0,0,3,0.6,1,0.2
L“‡Œ§,105,5.25,30,1.5,21,1.05,16,0.8,9,0.45,6,0.3,6,0.3,9,0.45,8,0.4
ŽRŒûŒ§,32,3.56,4,0.44,5,0.56,3,0.33,4,0.44,6,0.67,3,0.33,6,0.67,1,0.11
“¿“‡Œ§,22,3.14,3,0.43,4,0.57,4,0.57,4,0.57,1,0.14,4,0.57,1,0.14,1,0.14
ìŒ§,14,2.8,4,0.8,3,0.6,2,0.4,1,0.2,1,0.2,2,0.4,1,0.2,0,0
ˆ¤•QŒ§,14,2.33,1,0.17,2,0.33,1,0.17,3,0.5,4,0.67,1,0.17,2,0.33,0,0
‚’mŒ§,12,1.5,0,0,4,0.5,3,0.38,3,0.38,0,0,2,0.25,0,0,0,0
•Ÿ‰ªŒ§,24,1.6,4,0.27,3,0.2,3,0.2,5,0.33,2,0.13,3,0.2,3,0.2,1,0.07
²‰êŒ§,7,1.17,0,0,1,0.17,0,0,2,0.33,0,0,1,0.17,3,0.5,0,0
’·èŒ§,29,2.42,0,0,4,0.33,6,0.5,7,0.58,1,0.08,1,0.08,8,0.67,2,0.17
ŒF–{Œ§,30,2,3,0.2,8,0.53,8,0.53,5,0.33,0,0,1,0.07,1,0.07,4,0.27
‘å•ªŒ§,13,1.18,3,0.27,0,0,0,0,1,0.09,2,0.18,3,0.27,2,0.18,2,0.18
‹{èŒ§,11,1.57,1,0.14,4,0.57,0,0,1,0.14,1,0.14,2,0.29,2,0.29,0,0
Ž­Ž™“‡Œ§,22,1.83,3,0.25,4,0.33,4,0.33,3,0.25,2,0.17,4,0.33,2,0.17,0,0
‰«“êŒ§,2,0.29,0,0,0,0,0,0,0,0,0,0,1,0.14,0,0,1,0.14
,,,,,,,,,,,,,,,,,,
ƒNƒ‰ƒ~ƒWƒA”x‰Š,,,,,,,,,,,,,,,,,,
,‘”,‘”,01T,01T,02T,02T,03T,03T,04T,04T,05T,05T,06T,06T,07T,07T,08T,08T
,•ñ,’è“–,•ñ,’è“–,•ñ,’è“–,•ñ,’è“–,•ñ,’è“–,•ñ,’è“–,•ñ,’è“–,•ñ,’è“–,•ñ,’è“–
‘”,40,0.08,0,0,5,0.01,4,0.01,6,0.01,8,0.02,6,0.01,3,0.01,8,0.02
–kŠC“¹,0,0,0,0,0,0,0,0,0,0,0,0,0,0,0,0,0,0
ÂXŒ§,0,0,0,0,0,0,0,0,0,0,0,0,0,0,0,0,0,0
ŠâŽèŒ§,1,0.05,0,0,0,0,0,0,0,0,0,0,0,0,0,0,1,0.05
‹{éŒ§,0,0,0,0,0,0,0,0,0,0,0,0,0,0,0,0,0,0
H“cŒ§,0,0,0,0,0,0,0,0,0,0,0,0,0,0,0,0,0,0
ŽRŒ`Œ§,0,0,0,0,0,0,0,0,0,0,0,0,0,0,0,0,0,0
•Ÿ“‡Œ§,2,0.29,0,0,1,0.14,1,0.14,0,0,0,0,0,0,0,0,0,0
ˆïéŒ§,0,0,0,0,0,0,0,0,0,0,0,0,0,0,0,0,0,0
“È–ØŒ§,0,0,0,0,0,0,0,0,0,0,0,0,0,0,0,0,0,0
ŒQ”nŒ§,0,0,0,0,0,0,0,0,0,0,0,0,0,0,0,0,0,0
é‹ÊŒ§,1,0.08,0,0,0,0,0,0,0,0,0,0,0,0,1,0.08,0,0
ç—tŒ§,3,0.33,0,0,0,0,0,0,1,0.11,0,0,1,0.11,0,0,1,0.11
“Œ‹ž“s,8,0.32,0,0,1,0.04,1,0.04,0,0,1,0.04,3,0.12,0,0,2,0.08
_“ÞìŒ§,0,0,0,0,0,0,0,0,0,0,0,0,0,0,0,0,0,0
VŠƒŒ§,1,0.08,0,0,0,0,0,0,0,0,1,0.08,0,0,0,0,0,0
•xŽRŒ§,1,0.2,0,0,0,0,0,0,1,0.2,0,0,0,0,0,0,0,0
ÎìŒ§,0,0,0,0,0,0,0,0,0,0,0,0,0,0,0,0,0,0
•ŸˆäŒ§,0,0,0,0,0,0,0,0,0,0,0,0,0,0,0,0,0,0
ŽR—œŒ§,4,0.4,0,0,2,0.2,0,0,0,0,1,0.1,0,0,1,0.1,0,0
’·–ìŒ§,0,0,0,0,0,0,0,0,0,0,0,0,0,0,0,0,0,0
Šò•ŒŒ§,0,0,0,0,0,0,0,0,0,0,0,0,0,0,0,0,0,0
Ã‰ªŒ§,0,0,0,0,0,0,0,0,0,0,0,0,0,0,0,0,0,0
ˆ¤’mŒ§,1,0.07,0,0,0,0,0,0,1,0.07,0,0,0,0,0,0,0,0
ŽOdŒ§,0,0,0,0,0,0,0,0,0,0,0,0,0,0,0,0,0,0
Ž ‰êŒ§,0,0,0,0,0,0,0,0,0,0,0,0,0,0,0,0,0,0
‹ž“s•{,8,1.14,0,0,0,0,2,0.29,0,0,1,0.14,1,0.14,0,0,4,0.57
‘åã•{,8,0.44,0,0,1,0.06,0,0,3,0.17,3,0.17,1,0.06,0,0,0,0
•ºŒÉŒ§,2,0.14,0,0,0,0,0,0,0,0,1,0.07,0,0,1,0.07,0,0
“Þ—ÇŒ§,0,0,0,0,0,0,0,0,0,0,0,0,0,0,0,0,0,0
˜a‰ÌŽRŒ§,0,0,0,0,0,0,0,0,0,0,0,0,0,0,0,0,0,0
’¹ŽæŒ§,0,0,0,0,0,0,0,0,0,0,0,0,0,0,0,0,0,0
“‡ªŒ§,0,0,0,0,0,0,0,0,0,0,0,0,0,0,0,0,0,0
‰ªŽRŒ§,0,0,0,0,0,0,0,0,0,0,0,0,0,0,0,0,0,0
L“‡Œ§,0,0,0,0,0,0,0,0,0,0,0,0,0,0,0,0,0,0
ŽRŒûŒ§,0,0,0,0,0,0,0,0,0,0,0,0,0,0,0,0,0,0
“¿“‡Œ§,0,0,0,0,0,0,0,0,0,0,0,0,0,0,0,0,0,0
ìŒ§,0,0,0,0,0,0,0,0,0,0,0,0,0,0,0,0,0,0
ˆ¤•QŒ§,0,0,0,0,0,0,0,0,0,0,0,0,0,0,0,0,0,0
‚’mŒ§,0,0,0,0,0,0,0,0,0,0,0,0,0,0,0,0,0,0
•Ÿ‰ªŒ§,0,0,0,0,0,0,0,0,0,0,0,0,0,0,0,0,0,0
²‰êŒ§,0,0,0,0,0,0,0,0,0,0,0,0,0,0,0,0,0,0
’·èŒ§,0,0,0,0,0,0,0,0,0,0,0,0,0,0,0,0,0,0
ŒF–{Œ§,0,0,0,0,0,0,0,0,0,0,0,0,0,0,0,0,0,0
‘å•ªŒ§,0,0,0,0,0,0,0,0,0,0,0,0,0,0,0,0,0,0
‹{èŒ§,0,0,0,0,0,0,0,0,0,0,0,0,0,0,0,0,0,0
Ž­Ž™“‡Œ§,0,0,0,0,0,0,0,0,0,0,0,0,0,0,0,0,0,0
‰«“êŒ§,0,0,0,0,0,0,0,0,0,0,0,0,0,0,0,0,0,0
,,,,,,,,,,,,,,,,,,
Š´õ«ˆÝ’°‰Šiƒƒ^ƒEƒCƒ‹ƒXj,,,,,,,,,,,,,,,,,,
,‘”,‘”,01T,01T,02T,02T,03T,03T,04T,04T,05T,05T,06T,06T,07T,07T,08T,08T
,•ñ,’è“–,•ñ,’è“–,•ñ,’è“–,•ñ,’è“–,•ñ,’è“–,•ñ,’è“–,•ñ,’è“–,•ñ,’è“–,•ñ,’è“–
‘”,144,0.3,4,0.01,13,0.03,17,0.04,14,0.03,18,0.04,28,0.06,23,0.05,27,0.06
–kŠC“¹,1,0.04,0,0,0,0,0,0,0,0,0,0,0,0,0,0,1,0.04
ÂXŒ§,0,0,0,0,0,0,0,0,0,0,0,0,0,0,0,0,0,0
ŠâŽèŒ§,1,0.05,0,0,0,0,0,0,0,0,0,0,0,0,0,0,1,0.05
‹{éŒ§,2,0.2,0,0,0,0,0,0,0,0,0,0,0,0,0,0,2,0.2
H“cŒ§,0,0,0,0,0,0,0,0,0,0,0,0,0,0,0,0,0,0
ŽRŒ`Œ§,1,0.1,0,0,0,0,0,0,0,0,0,0,0,0,0,0,1,0.1
•Ÿ“‡Œ§,3,0.43,0,0,1,0.14,0,0,1,0.14,0,0,1,0.14,0,0,0,0
ˆïéŒ§,3,0.23,0,0,0,0,1,0.08,0,0,0,0,1,0.08,0,0,1,0.08
“È–ØŒ§,3,0.43,0,0,1,0.14,0,0,0,0,0,0,1,0.14,1,0.14,0,0
ŒQ”nŒ§,8,0.89,0,0,0,0,3,0.33,2,0.22,1,0.11,0,0,1,0.11,1,0.11
é‹ÊŒ§,5,0.42,0,0,2,0.17,0,0,0,0,0,0,2,0.17,0,0,1,0.08
ç—tŒ§,6,0.67,0,0,0,0,0,0,1,0.11,2,0.22,0,0,3,0.33,0,0
“Œ‹ž“s,15,0.6,1,0.04,1,0.04,1,0.04,2,0.08,1,0.04,0,0,2,0.08,7,0.28
_“ÞìŒ§,6,0.5,0,0,1,0.08,3,0.25,0,0,1,0.08,0,0,0,0,1,0.08
VŠƒŒ§,0,0,0,0,0,0,0,0,0,0,0,0,0,0,0,0,0,0
•xŽRŒ§,2,0.4,0,0,0,0,0,0,0,0,0,0,2,0.4,0,0,0,0
ÎìŒ§,0,0,0,0,0,0,0,0,0,0,0,0,0,0,0,0,0,0
•ŸˆäŒ§,5,0.83,0,0,1,0.17,1,0.17,0,0,1,0.17,2,0.33,0,0,0,0
ŽR—œŒ§,2,0.2,0,0,0,0,0,0,1,0.1,0,0,1,0.1,0,0,0,0
’·–ìŒ§,4,0.33,1,0.08,0,0,0,0,0,0,0,0,0,0,2,0.17,1,0.08
Šò•ŒŒ§,1,0.2,0,0,0,0,1,0.2,0,0,0,0,0,0,0,0,0,0
Ã‰ªŒ§,0,0,0,0,0,0,0,0,0,0,0,0,0,0,0,0,0,0
ˆ¤’mŒ§,4,0.27,0,0,0,0,0,0,1,0.07,0,0,0,0,2,0.13,1,0.07
ŽOdŒ§,1,0.13,0,0,0,0,1,0.11,0,0,0,0,0,0,0,0,0,0
Ž ‰êŒ§,0,0,0,0,0,0,0,0,0,0,0,0,0,0,0,0,0,0
‹ž“s•{,4,0.57,0,0,0,0,0,0,0,0,2,0.29,1,0.14,1,0.14,0,0
‘åã•{,9,0.5,0,0,1,0.06,2,0.11,1,0.06,0,0,2,0.11,2,0.11,1,0.06
•ºŒÉŒ§,3,0.21,0,0,0,0,1,0.07,2,0.14,0,0,0,0,0,0,0,0
“Þ—ÇŒ§,2,0.33,0,0,1,0.17,0,0,1,0.17,0,0,0,0,0,0,0,0
˜a‰ÌŽRŒ§,0,0,0,0,0,0,0,0,0,0,0,0,0,0,0,0,0,0
’¹ŽæŒ§,0,0,0,0,0,0,0,0,0,0,0,0,0,0,0,0,0,0
“‡ªŒ§,0,0,0,0,0,0,0,0,0,0,0,0,0,0,0,0,0,0
‰ªŽRŒ§,4,0.8,0,0,0,0,0,0,1,0.2,1,0.2,1,0.2,1,0.2,0,0
L“‡Œ§,12,0.6,0,0,0,0,0,0,1,0.05,5,0.25,1,0.05,3,0.15,2,0.1
ŽRŒûŒ§,2,0.22,0,0,0,0,0,0,0,0,0,0,0,0,2,0.22,0,0
“¿“‡Œ§,2,0.29,1,0.14,0,0,0,0,0,0,0,0,1,0.14,0,0,0,0
ìŒ§,8,1.6,0,0,0,0,0,0,0,0,3,0.6,4,0.8,1,0.2,0,0
ˆ¤•QŒ§,0,0,0,0,0,0,0,0,0,0,0,0,0,0,0,0,0,0
‚’mŒ§,7,0.88,0,0,0,0,2,0.25,0,0,1,0.13,2,0.25,0,0,2,0.25
•Ÿ‰ªŒ§,3,0.2,1,0.07,0,0,0,0,0,0,0,0,2,0.13,0,0,0,0
²‰êŒ§,1,0.17,0,0,0,0,0,0,0,0,0,0,1,0.17,0,0,0,0
’·èŒ§,0,0,0,0,0,0,0,0,0,0,0,0,0,0,0,0,0,0
ŒF–{Œ§,4,0.27,0,0,1,0.07,0,0,0,0,0,0,1,0.07,1,0.07,1,0.07
‘å•ªŒ§,0,0,0,0,0,0,0,0,0,0,0,0,0,0,0,0,0,0
‹{èŒ§,4,0.57,0,0,2,0.29,0,0,0,0,0,0,1,0.14,1,0.14,0,0
Ž­Ž™“‡Œ§,1,0.08,0,0,0,0,0,0,0,0,0,0,0,0,0,0,1,0.08
‰«“êŒ§,5,0.71,0,0,1,0.14,1,0.14,0,0,0,0,1,0.14,0,0,2,0.29
,,,,,,,,,,,,,,,,,,
COVID-19,,,,,,,,,,,,,,,,,,
,‘”,‘”,01T,01T,02T,02T,03T,03T,04T,04T,05T,05T,06T,06T,07T,07T,08T,08T
,•ñ,’è“–,•ñ,’è“–,•ñ,’è“–,•ñ,’è“–,•ñ,’è“–,•ñ,’è“–,•ñ,’è“–,•ñ,’è“–,•ñ,’è“–
‘”,57807,15.5,3640,1.13,5996,1.58,5834,1.53,7574,1.99,9481,2.49,10232,2.69,8114,2.13,6936,1.83
–kŠC“¹,7803,47.58,654,4.51,874,5.23,821,4.89,1012,6.02,1280,7.62,1359,8.09,1031,6.14,772,4.62
ÂXŒ§,1319,25.86,83,1.84,95,1.83,111,2.13,192,3.69,227,4.37,207,3.98,209,4.02,195,3.75
ŠâŽèŒ§,1893,45.07,93,2.21,135,3.21,121,2.88,179,4.26,307,7.31,401,9.55,319,7.6,338,8.05
‹{éŒ§,1675,30.45,89,1.62,180,3.27,181,3.29,231,4.2,296,5.38,285,5.18,221,4.02,192,3.49
H“cŒ§,651,27.13,73,3.32,69,2.76,74,2.96,94,3.76,79,3.16,88,3.52,91,3.64,83,3.32
ŽRŒ`Œ§,1195,32.3,68,2.43,88,2.26,102,2.68,199,5.1,264,6.77,219,5.62,151,3.87,104,2.67
•Ÿ“‡Œ§,1682,35.04,213,4.44,221,4.6,195,4.06,214,4.46,290,6.04,256,5.33,178,3.71,115,2.4
ˆïéŒ§,1774,27.29,134,2.44,177,2.64,158,2.36,218,3.25,328,4.9,322,4.81,232,3.46,205,3.06
“È–ØŒ§,1815,41.25,63,2.17,158,3.36,180,3.83,277,5.89,319,6.79,335,7.13,283,6.02,200,4.26
ŒQ”nŒ§,863,20.55,40,1.67,74,1.64,82,1.82,105,2.33,176,3.91,163,3.62,131,2.91,92,2.04
é‹ÊŒ§,3782,22.65,182,1.72,377,2.14,420,2.39,484,2.75,640,3.64,690,3.94,572,3.25,417,2.38
ç—tŒ§,2707,15.21,106,0.69,262,1.44,242,1.32,326,1.78,472,2.58,531,2.9,409,2.25,359,1.99
“Œ‹ž“s,4022,10.06,95,0.34,341,0.81,327,0.78,434,1.04,617,1.48,853,2.05,669,1.6,686,1.65
_“ÞìŒ§,2992,13.01,72,0.5,299,1.24,222,0.92,429,1.77,473,1.94,610,2.5,498,2.02,389,1.61
VŠƒŒ§,1578,28.69,96,1.75,173,3.15,132,2.4,190,3.45,297,5.4,278,5.05,224,4.07,188,3.42
•xŽRŒ§,711,15.46,15,0.38,51,1.09,52,1.11,83,1.77,108,2.3,138,2.94,131,2.79,133,2.83
ÎìŒ§,562,11.96,14,0.3,58,1.23,72,1.53,75,1.6,78,1.66,92,1.96,101,2.15,72,1.53
•ŸˆäŒ§,305,7.82,26,0.67,35,0.9,42,1.08,44,1.13,38,0.97,56,1.44,38,0.97,26,0.67
ŽR—œŒ§,729,20.83,34,0.97,81,2.31,74,2.11,109,3.11,112,3.2,148,4.23,93,2.66,78,2.23
’·–ìŒ§,1609,33.52,105,2.63,163,3.26,128,2.56,211,4.22,281,5.62,300,6,233,4.66,188,3.76
Šò•ŒŒ§,835,18.98,107,2.49,107,2.38,107,2.38,90,2,118,2.62,110,2.44,107,2.38,89,1.98
Ã‰ªŒ§,1989,14.31,108,0.78,179,1.29,238,1.71,282,2.03,358,2.58,329,2.37,246,1.77,249,1.79
ˆ¤’mŒ§,2180,13.37,210,1.29,268,1.64,263,1.61,291,1.79,336,2.06,311,1.91,276,1.69,225,1.38
ŽOdŒ§,711,10.94,31,0.72,72,1.04,81,1.17,121,1.75,143,2.07,105,1.54,77,1.12,81,1.17
Ž ‰êŒ§,476,8.5,41,0.95,36,0.62,32,0.55,52,0.9,92,1.59,106,1.83,58,1,59,1.02
‹ž“s•{,797,12.08,54,0.87,72,1.07,81,1.21,119,1.78,104,1.55,141,2.1,132,1.97,94,1.4
‘åã•{,1663,5.73,100,0.34,206,0.71,194,0.67,220,0.76,253,0.87,264,0.91,218,0.75,208,0.72
•ºŒÉŒ§,1511,9.44,110,0.8,151,0.92,193,1.18,246,1.5,233,1.42,218,1.33,164,1,196,1.2
“Þ—ÇŒ§,316,8.32,6,0.35,53,1.29,51,1.24,34,0.81,54,1.29,49,1.17,35,0.85,34,0.81
˜a‰ÌŽRŒ§,453,10.3,20,0.47,75,1.67,51,1.13,54,1.2,64,1.42,64,1.42,55,1.22,70,1.56
’¹ŽæŒ§,391,13.48,32,1.1,42,1.45,41,1.41,50,1.72,52,1.79,78,2.69,61,2.1,35,1.21
“‡ªŒ§,400,20,24,1.2,22,1.1,38,1.9,41,2.05,65,3.25,83,4.15,71,3.55,56,2.8
‰ªŽRŒ§,512,10.24,32,0.64,70,1.4,54,1.08,86,1.72,76,1.52,74,1.48,77,1.54,43,0.86
L“‡Œ§,751,8.34,60,0.86,91,0.98,100,1.08,115,1.24,108,1.16,96,1.03,101,1.09,80,0.86
ŽRŒûŒ§,545,8.65,44,0.7,75,1.19,67,1.06,64,1.02,74,1.17,92,1.46,69,1.1,60,0.95
“¿“‡Œ§,467,14.15,16,0.48,43,1.3,47,1.42,70,2.12,79,2.39,91,2.76,67,2.03,54,1.64
ìŒ§,306,13.3,29,1.26,28,1.22,30,1.3,46,2,46,2,67,2.91,38,1.65,22,0.96
ˆ¤•QŒ§,639,18.26,38,1.46,90,2.43,73,1.97,88,2.38,113,3.05,131,3.54,64,1.73,42,1.14
‚’mŒ§,682,17.95,64,1.68,91,2.39,76,2,104,2.74,86,2.26,95,2.5,85,2.24,81,2.13
•Ÿ‰ªŒ§,535,4.39,85,0.7,62,0.5,63,0.52,77,0.63,69,0.57,69,0.57,60,0.49,50,0.41
²‰êŒ§,129,5.61,4,0.18,16,0.67,19,0.79,28,1.17,17,0.71,25,1.04,11,0.46,9,0.38
’·èŒ§,302,6.04,20,0.41,48,0.94,37,0.73,35,0.69,27,0.53,36,0.71,30,0.59,69,1.35
ŒF–{Œ§,492,6.93,27,0.39,62,0.86,46,0.64,56,0.78,83,1.15,87,1.21,75,1.04,56,0.78
‘å•ªŒ§,347,5.98,44,0.76,52,0.9,40,0.69,33,0.57,48,0.83,52,0.9,37,0.64,41,0.71
‹{èŒ§,233,8.63,16,0.67,28,1,22,0.79,24,0.86,36,1.29,52,1.86,30,1.07,25,0.89
Ž­Ž™“‡Œ§,198,3.47,18,0.32,31,0.54,24,0.42,16,0.28,26,0.46,42,0.74,22,0.39,19,0.33
‰«“êŒ§,280,6.22,45,1,15,0.33,30,0.67,26,0.58,39,0.87,34,0.76,34,0.76,57,1.27
