,Disease,DiseaseCode,Year,Month,Date,Cases,AnnualTotal,RecordType,Source,SourceURL
1,Acute poliomyelitis,,2026,3,2026-03-01,0,0,cases,"Hong Kong, China CHP Notifiable Infectious Diseases",https://www.chp.gov.hk/files/misc/nid2026en.csv
2,Amoebic dysentery,,2026,3,2026-03-01,1,9,cases,"Hong Kong, China CHP Notifiable Infectious Diseases",https://www.chp.gov.hk/files/misc/nid2026en.csv
3,Anthrax,,2026,3,2026-03-01,0,0,cases,"Hong Kong, China CHP Notifiable Infectious Diseases",https://www.chp.gov.hk/files/misc/nid2026en.csv
4,Bacillary dysentery,,2026,3,2026-03-01,0,8,cases,"Hong Kong, China CHP Notifiable Infectious Diseases",https://www.chp.gov.hk/files/misc/nid2026en.csv
5,Botulism,,2026,3,2026-03-01,1,2,cases,"Hong Kong, China CHP Notifiable Infectious Diseases",https://www.chp.gov.hk/files/misc/nid2026en.csv
6,Chickenpox,,2026,3,2026-03-01,156,862,cases,"Hong Kong, China CHP Notifiable Infectious Diseases",https://www.chp.gov.hk/files/misc/nid2026en.csv
7,Chikungunya fever,,2026,3,2026-03-01,0,2,cases,"Hong Kong, China CHP Notifiable Infectious Diseases",https://www.chp.gov.hk/files/misc/nid2026en.csv
8,Cholera,,2026,3,2026-03-01,0,0,cases,"Hong Kong, China CHP Notifiable Infectious Diseases",https://www.chp.gov.hk/files/misc/nid2026en.csv
9,Community-associated methicillin-resistant Staphylococcus aureus infection,,2026,3,2026-03-01,33,181,cases,"Hong Kong, China CHP Notifiable Infectious Diseases",https://www.chp.gov.hk/files/misc/nid2026en.csv
10,Coronavirus disease 2019 (COVID-19),,2026,3,2026-03-01,1,81,cases,"Hong Kong, China CHP Notifiable Infectious Diseases",https://www.chp.gov.hk/files/misc/nid2026en.csv
11,Creutzfeldt-Jakob disease,,2026,3,2026-03-01,4,13,cases,"Hong Kong, China CHP Notifiable Infectious Diseases",https://www.chp.gov.hk/files/misc/nid2026en.csv
12,Dengue fever,,2026,3,2026-03-01,1,24,cases,"Hong Kong, China CHP Notifiable Infectious Diseases",https://www.chp.gov.hk/files/misc/nid2026en.csv
13,Diphtheria,,2026,3,2026-03-01,0,0,cases,"Hong Kong, China CHP Notifiable Infectious Diseases",https://www.chp.gov.hk/files/misc/nid2026en.csv
14,Enterovirus 71 infection,,2026,3,2026-03-01,0,0,cases,"Hong Kong, China CHP Notifiable Infectious Diseases",https://www.chp.gov.hk/files/misc/nid2026en.csv
15,Food poisoning - Outbreaks,,2026,3,2026-03-01,7,95,outbreaks,"Hong Kong, China CHP Notifiable Infectious Diseases",https://www.chp.gov.hk/files/misc/nid2026en.csv
16,Haemophilus influenzae type b infection (invasive),,2026,3,2026-03-01,0,0,cases,"Hong Kong, China CHP Notifiable Infectious Diseases",https://www.chp.gov.hk/files/misc/nid2026en.csv
17,Hantavirus infection,,2026,3,2026-03-01,0,0,cases,"Hong Kong, China CHP Notifiable Infectious Diseases",https://www.chp.gov.hk/files/misc/nid2026en.csv
18,Invasive pneumococcal disease,,2026,3,2026-03-01,10,64,cases,"Hong Kong, China CHP Notifiable Infectious Diseases",https://www.chp.gov.hk/files/misc/nid2026en.csv
19,Japanese encephalitis,,2026,3,2026-03-01,0,0,cases,"Hong Kong, China CHP Notifiable Infectious Diseases",https://www.chp.gov.hk/files/misc/nid2026en.csv
20,Legionnaires' disease,,2026,3,2026-03-01,10,87,cases,"Hong Kong, China CHP Notifiable Infectious Diseases",https://www.chp.gov.hk/files/misc/nid2026en.csv
21,Leprosy,,2026,3,2026-03-01,1,1,cases,"Hong Kong, China CHP Notifiable Infectious Diseases",https://www.chp.gov.hk/files/misc/nid2026en.csv
22,Leptospirosis,,2026,3,2026-03-01,0,0,cases,"Hong Kong, China CHP Notifiable Infectious Diseases",https://www.chp.gov.hk/files/misc/nid2026en.csv
23,Listeriosis,,2026,3,2026-03-01,2,7,cases,"Hong Kong, China CHP Notifiable Infectious Diseases",https://www.chp.gov.hk/files/misc/nid2026en.csv
24,Malaria,,2026,3,2026-03-01,1,4,cases,"Hong Kong, China CHP Notifiable Infectious Diseases",https://www.chp.gov.hk/files/misc/nid2026en.csv
25,Measles,,2026,3,2026-03-01,1,8,cases,"Hong Kong, China CHP Notifiable Infectious Diseases",https://www.chp.gov.hk/files/misc/nid2026en.csv
26,Melioidosis,,2026,3,2026-03-01,3,7,cases,"Hong Kong, China CHP Notifiable Infectious Diseases",https://www.chp.gov.hk/files/misc/nid2026en.csv
27,Meningococcal infection (invasive),,2026,3,2026-03-01,2,5,cases,"Hong Kong, China CHP Notifiable Infectious Diseases",https://www.chp.gov.hk/files/misc/nid2026en.csv
28,Middle East Respiratory Syndrome,,2026,3,2026-03-01,0,0,cases,"Hong Kong, China CHP Notifiable Infectious Diseases",https://www.chp.gov.hk/files/misc/nid2026en.csv
29,Mpox (Monkeypox),,2026,3,2026-03-01,0,8,cases,"Hong Kong, China CHP Notifiable Infectious Diseases",https://www.chp.gov.hk/files/misc/nid2026en.csv
30,Mumps,,2026,3,2026-03-01,5,19,cases,"Hong Kong, China CHP Notifiable Infectious Diseases",https://www.chp.gov.hk/files/misc/nid2026en.csv
31,Novel influenza A infection - Influenza A (H5),,2026,3,2026-03-01,0,0,cases,"Hong Kong, China CHP Notifiable Infectious Diseases",https://www.chp.gov.hk/files/misc/nid2026en.csv
32,Novel influenza A infection - Influenza A (H7),,2026,3,2026-03-01,0,0,cases,"Hong Kong, China CHP Notifiable Infectious Diseases",https://www.chp.gov.hk/files/misc/nid2026en.csv
33,Novel influenza A infection - Others,,2026,3,2026-03-01,0,1,cases,"Hong Kong, China CHP Notifiable Infectious Diseases",https://www.chp.gov.hk/files/misc/nid2026en.csv
34,Paratyphoid fever,,2026,3,2026-03-01,1,5,cases,"Hong Kong, China CHP Notifiable Infectious Diseases",https://www.chp.gov.hk/files/misc/nid2026en.csv
35,Plague,,2026,3,2026-03-01,0,0,cases,"Hong Kong, China CHP Notifiable Infectious Diseases",https://www.chp.gov.hk/files/misc/nid2026en.csv
36,Psittacosis,,2026,3,2026-03-01,1,8,cases,"Hong Kong, China CHP Notifiable Infectious Diseases",https://www.chp.gov.hk/files/misc/nid2026en.csv
37,Q fever,,2026,3,2026-03-01,0,0,cases,"Hong Kong, China CHP Notifiable Infectious Diseases",https://www.chp.gov.hk/files/misc/nid2026en.csv
38,Rabies,,2026,3,2026-03-01,0,0,cases,"Hong Kong, China CHP Notifiable Infectious Diseases",https://www.chp.gov.hk/files/misc/nid2026en.csv
39,Relapsing fever,,2026,3,2026-03-01,0,0,cases,"Hong Kong, China CHP Notifiable Infectious Diseases",https://www.chp.gov.hk/files/misc/nid2026en.csv
40,Rubella and congenital rubella syndrome - Congenital rubella syndrome,,2026,3,2026-03-01,0,0,cases,"Hong Kong, China CHP Notifiable Infectious Diseases",https://www.chp.gov.hk/files/misc/nid2026en.csv
41,Rubella and congenital rubella syndrome - Rubella,,2026,3,2026-03-01,0,0,cases,"Hong Kong, China CHP Notifiable Infectious Diseases",https://www.chp.gov.hk/files/misc/nid2026en.csv
42,Scarlet fever,,2026,3,2026-03-01,80,439,cases,"Hong Kong, China CHP Notifiable Infectious Diseases",https://www.chp.gov.hk/files/misc/nid2026en.csv
43,Severe Acute Respiratory Syndrome,,2026,3,2026-03-01,0,0,cases,"Hong Kong, China CHP Notifiable Infectious Diseases",https://www.chp.gov.hk/files/misc/nid2026en.csv
44,Shiga toxin-producing Escherichia coli infection,,2026,3,2026-03-01,0,3,cases,"Hong Kong, China CHP Notifiable Infectious Diseases",https://www.chp.gov.hk/files/misc/nid2026en.csv
45,Smallpox,,2026,3,2026-03-01,0,0,cases,"Hong Kong, China CHP Notifiable Infectious Diseases",https://www.chp.gov.hk/files/misc/nid2026en.csv
46,Streptococcus suis infection,,2026,3,2026-03-01,0,2,cases,"Hong Kong, China CHP Notifiable Infectious Diseases",https://www.chp.gov.hk/files/misc/nid2026en.csv
47,Tetanus,,2026,3,2026-03-01,0,0,cases,"Hong Kong, China CHP Notifiable Infectious Diseases",https://www.chp.gov.hk/files/misc/nid2026en.csv
48,Tuberculosis,,2026,3,2026-03-01,224,1381,cases,"Hong Kong, China CHP Notifiable Infectious Diseases",https://www.chp.gov.hk/files/misc/nid2026en.csv
49,Typhoid fever,,2026,3,2026-03-01,3,6,cases,"Hong Kong, China CHP Notifiable Infectious Diseases",https://www.chp.gov.hk/files/misc/nid2026en.csv
50,Typhus and other rickettsial diseases - Scrub typhus,,2026,3,2026-03-01,0,5,cases,"Hong Kong, China CHP Notifiable Infectious Diseases",https://www.chp.gov.hk/files/misc/nid2026en.csv
51,Typhus and other rickettsial diseases - Spotted fever,,2026,3,2026-03-01,1,7,cases,"Hong Kong, China CHP Notifiable Infectious Diseases",https://www.chp.gov.hk/files/misc/nid2026en.csv
52,Typhus and other rickettsial diseases - Unclassified,,2026,3,2026-03-01,0,1,cases,"Hong Kong, China CHP Notifiable Infectious Diseases",https://www.chp.gov.hk/files/misc/nid2026en.csv
53,Typhus and other rickettsial diseases - Urban typhus,,2026,3,2026-03-01,0,0,cases,"Hong Kong, China CHP Notifiable Infectious Diseases",https://www.chp.gov.hk/files/misc/nid2026en.csv
54,Viral haemorrhagic fever,,2026,3,2026-03-01,0,0,cases,"Hong Kong, China CHP Notifiable Infectious Diseases",https://www.chp.gov.hk/files/misc/nid2026en.csv
55,Viral hepatitis - A,,2026,3,2026-03-01,8,44,cases,"Hong Kong, China CHP Notifiable Infectious Diseases",https://www.chp.gov.hk/files/misc/nid2026en.csv
56,Viral hepatitis - B,,2026,3,2026-03-01,0,4,cases,"Hong Kong, China CHP Notifiable Infectious Diseases",https://www.chp.gov.hk/files/misc/nid2026en.csv
57,Viral hepatitis - C,,2026,3,2026-03-01,3,25,cases,"Hong Kong, China CHP Notifiable Infectious Diseases",https://www.chp.gov.hk/files/misc/nid2026en.csv
58,Viral hepatitis - D,,2026,3,2026-03-01,0,0,cases,"Hong Kong, China CHP Notifiable Infectious Diseases",https://www.chp.gov.hk/files/misc/nid2026en.csv
59,Viral hepatitis - E,,2026,3,2026-03-01,14,88,cases,"Hong Kong, China CHP Notifiable Infectious Diseases",https://www.chp.gov.hk/files/misc/nid2026en.csv
60,West Nile Virus Infection,,2026,3,2026-03-01,0,0,cases,"Hong Kong, China CHP Notifiable Infectious Diseases",https://www.chp.gov.hk/files/misc/nid2026en.csv
61,Whooping cough,,2026,3,2026-03-01,1,3,cases,"Hong Kong, China CHP Notifiable Infectious Diseases",https://www.chp.gov.hk/files/misc/nid2026en.csv
62,Yellow fever,,2026,3,2026-03-01,0,0,cases,"Hong Kong, China CHP Notifiable Infectious Diseases",https://www.chp.gov.hk/files/misc/nid2026en.csv
63,Zika Virus Infection,,2026,3,2026-03-01,0,0,cases,"Hong Kong, China CHP Notifiable Infectious Diseases",https://www.chp.gov.hk/files/misc/nid2026en.csv
64,Acute poliomyelitis,,2026,4,2026-04-01,0,0,cases,"Hong Kong, China CHP Notifiable Infectious Diseases",https://www.chp.gov.hk/files/misc/nid2026en.csv
65,Amoebic dysentery,,2026,4,2026-04-01,2,9,cases,"Hong Kong, China CHP Notifiable Infectious Diseases",https://www.chp.gov.hk/files/misc/nid2026en.csv
66,Anthrax,,2026,4,2026-04-01,0,0,cases,"Hong Kong, China CHP Notifiable Infectious Diseases",https://www.chp.gov.hk/files/misc/nid2026en.csv
67,Bacillary dysentery,,2026,4,2026-04-01,2,8,cases,"Hong Kong, China CHP Notifiable Infectious Diseases",https://www.chp.gov.hk/files/misc/nid2026en.csv
68,Botulism,,2026,4,2026-04-01,0,2,cases,"Hong Kong, China CHP Notifiable Infectious Diseases",https://www.chp.gov.hk/files/misc/nid2026en.csv
69,Chickenpox,,2026,4,2026-04-01,108,862,cases,"Hong Kong, China CHP Notifiable Infectious Diseases",https://www.chp.gov.hk/files/misc/nid2026en.csv
70,Chikungunya fever,,2026,4,2026-04-01,0,2,cases,"Hong Kong, China CHP Notifiable Infectious Diseases",https://www.chp.gov.hk/files/misc/nid2026en.csv
71,Cholera,,2026,4,2026-04-01,0,0,cases,"Hong Kong, China CHP Notifiable Infectious Diseases",https://www.chp.gov.hk/files/misc/nid2026en.csv
72,Community-associated methicillin-resistant Staphylococcus aureus infection,,2026,4,2026-04-01,30,181,cases,"Hong Kong, China CHP Notifiable Infectious Diseases",https://www.chp.gov.hk/files/misc/nid2026en.csv
73,Coronavirus disease 2019 (COVID-19),,2026,4,2026-04-01,4,81,cases,"Hong Kong, China CHP Notifiable Infectious Diseases",https://www.chp.gov.hk/files/misc/nid2026en.csv
74,Creutzfeldt-Jakob disease,,2026,4,2026-04-01,2,13,cases,"Hong Kong, China CHP Notifiable Infectious Diseases",https://www.chp.gov.hk/files/misc/nid2026en.csv
75,Dengue fever,,2026,4,2026-04-01,7,24,cases,"Hong Kong, China CHP Notifiable Infectious Diseases",https://www.chp.gov.hk/files/misc/nid2026en.csv
76,Diphtheria,,2026,4,2026-04-01,0,0,cases,"Hong Kong, China CHP Notifiable Infectious Diseases",https://www.chp.gov.hk/files/misc/nid2026en.csv
77,Enterovirus 71 infection,,2026,4,2026-04-01,0,0,cases,"Hong Kong, China CHP Notifiable Infectious Diseases",https://www.chp.gov.hk/files/misc/nid2026en.csv
78,Food poisoning - Outbreaks,,2026,4,2026-04-01,9,95,outbreaks,"Hong Kong, China CHP Notifiable Infectious Diseases",https://www.chp.gov.hk/files/misc/nid2026en.csv
79,Haemophilus influenzae type b infection (invasive),,2026,4,2026-04-01,0,0,cases,"Hong Kong, China CHP Notifiable Infectious Diseases",https://www.chp.gov.hk/files/misc/nid2026en.csv
80,Hantavirus infection,,2026,4,2026-04-01,0,0,cases,"Hong Kong, China CHP Notifiable Infectious Diseases",https://www.chp.gov.hk/files/misc/nid2026en.csv
81,Invasive pneumococcal disease,,2026,4,2026-04-01,12,64,cases,"Hong Kong, China CHP Notifiable Infectious Diseases",https://www.chp.gov.hk/files/misc/nid2026en.csv
82,Japanese encephalitis,,2026,4,2026-04-01,0,0,cases,"Hong Kong, China CHP Notifiable Infectious Diseases",https://www.chp.gov.hk/files/misc/nid2026en.csv
83,Legionnaires' disease,,2026,4,2026-04-01,19,87,cases,"Hong Kong, China CHP Notifiable Infectious Diseases",https://www.chp.gov.hk/files/misc/nid2026en.csv
84,Leprosy,,2026,4,2026-04-01,0,1,cases,"Hong Kong, China CHP Notifiable Infectious Diseases",https://www.chp.gov.hk/files/misc/nid2026en.csv
85,Leptospirosis,,2026,4,2026-04-01,0,0,cases,"Hong Kong, China CHP Notifiable Infectious Diseases",https://www.chp.gov.hk/files/misc/nid2026en.csv
86,Listeriosis,,2026,4,2026-04-01,1,7,cases,"Hong Kong, China CHP Notifiable Infectious Diseases",https://www.chp.gov.hk/files/misc/nid2026en.csv
87,Malaria,,2026,4,2026-04-01,0,4,cases,"Hong Kong, China CHP Notifiable Infectious Diseases",https://www.chp.gov.hk/files/misc/nid2026en.csv
88,Measles,,2026,4,2026-04-01,6,8,cases,"Hong Kong, China CHP Notifiable Infectious Diseases",https://www.chp.gov.hk/files/misc/nid2026en.csv
89,Melioidosis,,2026,4,2026-04-01,1,7,cases,"Hong Kong, China CHP Notifiable Infectious Diseases",https://www.chp.gov.hk/files/misc/nid2026en.csv
90,Meningococcal infection (invasive),,2026,4,2026-04-01,1,5,cases,"Hong Kong, China CHP Notifiable Infectious Diseases",https://www.chp.gov.hk/files/misc/nid2026en.csv
91,Middle East Respiratory Syndrome,,2026,4,2026-04-01,0,0,cases,"Hong Kong, China CHP Notifiable Infectious Diseases",https://www.chp.gov.hk/files/misc/nid2026en.csv
92,Mpox (Monkeypox),,2026,4,2026-04-01,0,8,cases,"Hong Kong, China CHP Notifiable Infectious Diseases",https://www.chp.gov.hk/files/misc/nid2026en.csv
93,Mumps,,2026,4,2026-04-01,2,19,cases,"Hong Kong, China CHP Notifiable Infectious Diseases",https://www.chp.gov.hk/files/misc/nid2026en.csv
94,Novel influenza A infection - Influenza A (H5),,2026,4,2026-04-01,0,0,cases,"Hong Kong, China CHP Notifiable Infectious Diseases",https://www.chp.gov.hk/files/misc/nid2026en.csv
95,Novel influenza A infection - Influenza A (H7),,2026,4,2026-04-01,0,0,cases,"Hong Kong, China CHP Notifiable Infectious Diseases",https://www.chp.gov.hk/files/misc/nid2026en.csv
96,Novel influenza A infection - Others,,2026,4,2026-04-01,0,1,cases,"Hong Kong, China CHP Notifiable Infectious Diseases",https://www.chp.gov.hk/files/misc/nid2026en.csv
97,Paratyphoid fever,,2026,4,2026-04-01,1,5,cases,"Hong Kong, China CHP Notifiable Infectious Diseases",https://www.chp.gov.hk/files/misc/nid2026en.csv
98,Plague,,2026,4,2026-04-01,0,0,cases,"Hong Kong, China CHP Notifiable Infectious Diseases",https://www.chp.gov.hk/files/misc/nid2026en.csv
99,Psittacosis,,2026,4,2026-04-01,0,8,cases,"Hong Kong, China CHP Notifiable Infectious Diseases",https://www.chp.gov.hk/files/misc/nid2026en.csv
100,Q fever,,2026,4,2026-04-01,0,0,cases,"Hong Kong, China CHP Notifiable Infectious Diseases",https://www.chp.gov.hk/files/misc/nid2026en.csv
101,Rabies,,2026,4,2026-04-01,0,0,cases,"Hong Kong, China CHP Notifiable Infectious Diseases",https://www.chp.gov.hk/files/misc/nid2026en.csv
102,Relapsing fever,,2026,4,2026-04-01,0,0,cases,"Hong Kong, China CHP Notifiable Infectious Diseases",https://www.chp.gov.hk/files/misc/nid2026en.csv
103,Rubella and congenital rubella syndrome - Congenital rubella syndrome,,2026,4,2026-04-01,0,0,cases,"Hong Kong, China CHP Notifiable Infectious Diseases",https://www.chp.gov.hk/files/misc/nid2026en.csv
104,Rubella and congenital rubella syndrome - Rubella,,2026,4,2026-04-01,0,0,cases,"Hong Kong, China CHP Notifiable Infectious Diseases",https://www.chp.gov.hk/files/misc/nid2026en.csv
105,Scarlet fever,,2026,4,2026-04-01,63,439,cases,"Hong Kong, China CHP Notifiable Infectious Diseases",https://www.chp.gov.hk/files/misc/nid2026en.csv
106,Severe Acute Respiratory Syndrome,,2026,4,2026-04-01,0,0,cases,"Hong Kong, China CHP Notifiable Infectious Diseases",https://www.chp.gov.hk/files/misc/nid2026en.csv
107,Shiga toxin-producing Escherichia coli infection,,2026,4,2026-04-01,0,3,cases,"Hong Kong, China CHP Notifiable Infectious Diseases",https://www.chp.gov.hk/files/misc/nid2026en.csv
108,Smallpox,,2026,4,2026-04-01,0,0,cases,"Hong Kong, China CHP Notifiable Infectious Diseases",https://www.chp.gov.hk/files/misc/nid2026en.csv
109,Streptococcus suis infection,,2026,4,2026-04-01,0,2,cases,"Hong Kong, China CHP Notifiable Infectious Diseases",https://www.chp.gov.hk/files/misc/nid2026en.csv
110,Tetanus,,2026,4,2026-04-01,0,0,cases,"Hong Kong, China CHP Notifiable Infectious Diseases",https://www.chp.gov.hk/files/misc/nid2026en.csv
111,Tuberculosis,,2026,4,2026-04-01,222,1381,cases,"Hong Kong, China CHP Notifiable Infectious Diseases",https://www.chp.gov.hk/files/misc/nid2026en.csv
112,Typhoid fever,,2026,4,2026-04-01,0,6,cases,"Hong Kong, China CHP Notifiable Infectious Diseases",https://www.chp.gov.hk/files/misc/nid2026en.csv
113,Typhus and other rickettsial diseases - Scrub typhus,,2026,4,2026-04-01,0,5,cases,"Hong Kong, China CHP Notifiable Infectious Diseases",https://www.chp.gov.hk/files/misc/nid2026en.csv
114,Typhus and other rickettsial diseases - Spotted fever,,2026,4,2026-04-01,1,7,cases,"Hong Kong, China CHP Notifiable Infectious Diseases",https://www.chp.gov.hk/files/misc/nid2026en.csv
115,Typhus and other rickettsial diseases - Unclassified,,2026,4,2026-04-01,0,1,cases,"Hong Kong, China CHP Notifiable Infectious Diseases",https://www.chp.gov.hk/files/misc/nid2026en.csv
116,Typhus and other rickettsial diseases - Urban typhus,,2026,4,2026-04-01,0,0,cases,"Hong Kong, China CHP Notifiable Infectious Diseases",https://www.chp.gov.hk/files/misc/nid2026en.csv
117,Viral haemorrhagic fever,,2026,4,2026-04-01,0,0,cases,"Hong Kong, China CHP Notifiable Infectious Diseases",https://www.chp.gov.hk/files/misc/nid2026en.csv
118,Viral hepatitis - A,,2026,4,2026-04-01,4,44,cases,"Hong Kong, China CHP Notifiable Infectious Diseases",https://www.chp.gov.hk/files/misc/nid2026en.csv
119,Viral hepatitis - B,,2026,4,2026-04-01,0,4,cases,"Hong Kong, China CHP Notifiable Infectious Diseases",https://www.chp.gov.hk/files/misc/nid2026en.csv
120,Viral hepatitis - C,,2026,4,2026-04-01,2,25,cases,"Hong Kong, China CHP Notifiable Infectious Diseases",https://www.chp.gov.hk/files/misc/nid2026en.csv
121,Viral hepatitis - D,,2026,4,2026-04-01,0,0,cases,"Hong Kong, China CHP Notifiable Infectious Diseases",https://www.chp.gov.hk/files/misc/nid2026en.csv
122,Viral hepatitis - E,,2026,4,2026-04-01,12,88,cases,"Hong Kong, China CHP Notifiable Infectious Diseases",https://www.chp.gov.hk/files/misc/nid2026en.csv
123,West Nile Virus Infection,,2026,4,2026-04-01,0,0,cases,"Hong Kong, China CHP Notifiable Infectious Diseases",https://www.chp.gov.hk/files/misc/nid2026en.csv
124,Whooping cough,,2026,4,2026-04-01,0,3,cases,"Hong Kong, China CHP Notifiable Infectious Diseases",https://www.chp.gov.hk/files/misc/nid2026en.csv
125,Yellow fever,,2026,4,2026-04-01,0,0,cases,"Hong Kong, China CHP Notifiable Infectious Diseases",https://www.chp.gov.hk/files/misc/nid2026en.csv
126,Zika Virus Infection,,2026,4,2026-04-01,0,0,cases,"Hong Kong, China CHP Notifiable Infectious Diseases",https://www.chp.gov.hk/files/misc/nid2026en.csv
127,Acute poliomyelitis,,2026,5,2026-05-01,0,0,cases,"Hong Kong, China CHP Notifiable Infectious Diseases",https://www.chp.gov.hk/files/misc/nid2026en.csv
128,Amoebic dysentery,,2026,5,2026-05-01,3,9,cases,"Hong Kong, China CHP Notifiable Infectious Diseases",https://www.chp.gov.hk/files/misc/nid2026en.csv
129,Anthrax,,2026,5,2026-05-01,0,0,cases,"Hong Kong, China CHP Notifiable Infectious Diseases",https://www.chp.gov.hk/files/misc/nid2026en.csv
130,Bacillary dysentery,,2026,5,2026-05-01,1,8,cases,"Hong Kong, China CHP Notifiable Infectious Diseases",https://www.chp.gov.hk/files/misc/nid2026en.csv
131,Botulism,,2026,5,2026-05-01,1,2,cases,"Hong Kong, China CHP Notifiable Infectious Diseases",https://www.chp.gov.hk/files/misc/nid2026en.csv
132,Chickenpox,,2026,5,2026-05-01,137,862,cases,"Hong Kong, China CHP Notifiable Infectious Diseases",https://www.chp.gov.hk/files/misc/nid2026en.csv
133,Chikungunya fever,,2026,5,2026-05-01,0,2,cases,"Hong Kong, China CHP Notifiable Infectious Diseases",https://www.chp.gov.hk/files/misc/nid2026en.csv
134,Cholera,,2026,5,2026-05-01,0,0,cases,"Hong Kong, China CHP Notifiable Infectious Diseases",https://www.chp.gov.hk/files/misc/nid2026en.csv
135,Community-associated methicillin-resistant Staphylococcus aureus infection,,2026,5,2026-05-01,28,181,cases,"Hong Kong, China CHP Notifiable Infectious Diseases",https://www.chp.gov.hk/files/misc/nid2026en.csv
136,Coronavirus disease 2019 (COVID-19),,2026,5,2026-05-01,7,81,cases,"Hong Kong, China CHP Notifiable Infectious Diseases",https://www.chp.gov.hk/files/misc/nid2026en.csv
137,Creutzfeldt-Jakob disease,,2026,5,2026-05-01,1,13,cases,"Hong Kong, China CHP Notifiable Infectious Diseases",https://www.chp.gov.hk/files/misc/nid2026en.csv
138,Dengue fever,,2026,5,2026-05-01,4,24,cases,"Hong Kong, China CHP Notifiable Infectious Diseases",https://www.chp.gov.hk/files/misc/nid2026en.csv
139,Diphtheria,,2026,5,2026-05-01,0,0,cases,"Hong Kong, China CHP Notifiable Infectious Diseases",https://www.chp.gov.hk/files/misc/nid2026en.csv
140,Enterovirus 71 infection,,2026,5,2026-05-01,0,0,cases,"Hong Kong, China CHP Notifiable Infectious Diseases",https://www.chp.gov.hk/files/misc/nid2026en.csv
141,Food poisoning - Outbreaks,,2026,5,2026-05-01,10,95,outbreaks,"Hong Kong, China CHP Notifiable Infectious Diseases",https://www.chp.gov.hk/files/misc/nid2026en.csv
142,Haemophilus influenzae type b infection (invasive),,2026,5,2026-05-01,0,0,cases,"Hong Kong, China CHP Notifiable Infectious Diseases",https://www.chp.gov.hk/files/misc/nid2026en.csv
143,Hantavirus infection,,2026,5,2026-05-01,0,0,cases,"Hong Kong, China CHP Notifiable Infectious Diseases",https://www.chp.gov.hk/files/misc/nid2026en.csv
144,Invasive pneumococcal disease,,2026,5,2026-05-01,6,64,cases,"Hong Kong, China CHP Notifiable Infectious Diseases",https://www.chp.gov.hk/files/misc/nid2026en.csv
145,Japanese encephalitis,,2026,5,2026-05-01,0,0,cases,"Hong Kong, China CHP Notifiable Infectious Diseases",https://www.chp.gov.hk/files/misc/nid2026en.csv
146,Legionnaires' disease,,2026,5,2026-05-01,28,87,cases,"Hong Kong, China CHP Notifiable Infectious Diseases",https://www.chp.gov.hk/files/misc/nid2026en.csv
147,Leprosy,,2026,5,2026-05-01,0,1,cases,"Hong Kong, China CHP Notifiable Infectious Diseases",https://www.chp.gov.hk/files/misc/nid2026en.csv
148,Leptospirosis,,2026,5,2026-05-01,0,0,cases,"Hong Kong, China CHP Notifiable Infectious Diseases",https://www.chp.gov.hk/files/misc/nid2026en.csv
149,Listeriosis,,2026,5,2026-05-01,0,7,cases,"Hong Kong, China CHP Notifiable Infectious Diseases",https://www.chp.gov.hk/files/misc/nid2026en.csv
150,Malaria,,2026,5,2026-05-01,1,4,cases,"Hong Kong, China CHP Notifiable Infectious Diseases",https://www.chp.gov.hk/files/misc/nid2026en.csv
151,Measles,,2026,5,2026-05-01,0,8,cases,"Hong Kong, China CHP Notifiable Infectious Diseases",https://www.chp.gov.hk/files/misc/nid2026en.csv
152,Melioidosis,,2026,5,2026-05-01,0,7,cases,"Hong Kong, China CHP Notifiable Infectious Diseases",https://www.chp.gov.hk/files/misc/nid2026en.csv
153,Meningococcal infection (invasive),,2026,5,2026-05-01,0,5,cases,"Hong Kong, China CHP Notifiable Infectious Diseases",https://www.chp.gov.hk/files/misc/nid2026en.csv
154,Middle East Respiratory Syndrome,,2026,5,2026-05-01,0,0,cases,"Hong Kong, China CHP Notifiable Infectious Diseases",https://www.chp.gov.hk/files/misc/nid2026en.csv
155,Mpox (Monkeypox),,2026,5,2026-05-01,3,8,cases,"Hong Kong, China CHP Notifiable Infectious Diseases",https://www.chp.gov.hk/files/misc/nid2026en.csv
156,Mumps,,2026,5,2026-05-01,3,19,cases,"Hong Kong, China CHP Notifiable Infectious Diseases",https://www.chp.gov.hk/files/misc/nid2026en.csv
157,Novel influenza A infection - Influenza A (H5),,2026,5,2026-05-01,0,0,cases,"Hong Kong, China CHP Notifiable Infectious Diseases",https://www.chp.gov.hk/files/misc/nid2026en.csv
158,Novel influenza A infection - Influenza A (H7),,2026,5,2026-05-01,0,0,cases,"Hong Kong, China CHP Notifiable Infectious Diseases",https://www.chp.gov.hk/files/misc/nid2026en.csv
159,Novel influenza A infection - Others,,2026,5,2026-05-01,0,1,cases,"Hong Kong, China CHP Notifiable Infectious Diseases",https://www.chp.gov.hk/files/misc/nid2026en.csv
160,Paratyphoid fever,,2026,5,2026-05-01,2,5,cases,"Hong Kong, China CHP Notifiable Infectious Diseases",https://www.chp.gov.hk/files/misc/nid2026en.csv
161,Plague,,2026,5,2026-05-01,0,0,cases,"Hong Kong, China CHP Notifiable Infectious Diseases",https://www.chp.gov.hk/files/misc/nid2026en.csv
162,Psittacosis,,2026,5,2026-05-01,1,8,cases,"Hong Kong, China CHP Notifiable Infectious Diseases",https://www.chp.gov.hk/files/misc/nid2026en.csv
163,Q fever,,2026,5,2026-05-01,0,0,cases,"Hong Kong, China CHP Notifiable Infectious Diseases",https://www.chp.gov.hk/files/misc/nid2026en.csv
164,Rabies,,2026,5,2026-05-01,0,0,cases,"Hong Kong, China CHP Notifiable Infectious Diseases",https://www.chp.gov.hk/files/misc/nid2026en.csv
165,Relapsing fever,,2026,5,2026-05-01,0,0,cases,"Hong Kong, China CHP Notifiable Infectious Diseases",https://www.chp.gov.hk/files/misc/nid2026en.csv
166,Rubella and congenital rubella syndrome - Congenital rubella syndrome,,2026,5,2026-05-01,0,0,cases,"Hong Kong, China CHP Notifiable Infectious Diseases",https://www.chp.gov.hk/files/misc/nid2026en.csv
167,Rubella and congenital rubella syndrome - Rubella,,2026,5,2026-05-01,0,0,cases,"Hong Kong, China CHP Notifiable Infectious Diseases",https://www.chp.gov.hk/files/misc/nid2026en.csv
168,Scarlet fever,,2026,5,2026-05-01,77,439,cases,"Hong Kong, China CHP Notifiable Infectious Diseases",https://www.chp.gov.hk/files/misc/nid2026en.csv
169,Severe Acute Respiratory Syndrome,,2026,5,2026-05-01,0,0,cases,"Hong Kong, China CHP Notifiable Infectious Diseases",https://www.chp.gov.hk/files/misc/nid2026en.csv
170,Shiga toxin-producing Escherichia coli infection,,2026,5,2026-05-01,0,3,cases,"Hong Kong, China CHP Notifiable Infectious Diseases",https://www.chp.gov.hk/files/misc/nid2026en.csv
171,Smallpox,,2026,5,2026-05-01,0,0,cases,"Hong Kong, China CHP Notifiable Infectious Diseases",https://www.chp.gov.hk/files/misc/nid2026en.csv
172,Streptococcus suis infection,,2026,5,2026-05-01,0,2,cases,"Hong Kong, China CHP Notifiable Infectious Diseases",https://www.chp.gov.hk/files/misc/nid2026en.csv
173,Tetanus,,2026,5,2026-05-01,0,0,cases,"Hong Kong, China CHP Notifiable Infectious Diseases",https://www.chp.gov.hk/files/misc/nid2026en.csv
174,Tuberculosis,,2026,5,2026-05-01,251,1381,cases,"Hong Kong, China CHP Notifiable Infectious Diseases",https://www.chp.gov.hk/files/misc/nid2026en.csv
175,Typhoid fever,,2026,5,2026-05-01,1,6,cases,"Hong Kong, China CHP Notifiable Infectious Diseases",https://www.chp.gov.hk/files/misc/nid2026en.csv
176,Typhus and other rickettsial diseases - Scrub typhus,,2026,5,2026-05-01,2,5,cases,"Hong Kong, China CHP Notifiable Infectious Diseases",https://www.chp.gov.hk/files/misc/nid2026en.csv
177,Typhus and other rickettsial diseases - Spotted fever,,2026,5,2026-05-01,1,7,cases,"Hong Kong, China CHP Notifiable Infectious Diseases",https://www.chp.gov.hk/files/misc/nid2026en.csv
178,Typhus and other rickettsial diseases - Unclassified,,2026,5,2026-05-01,0,1,cases,"Hong Kong, China CHP Notifiable Infectious Diseases",https://www.chp.gov.hk/files/misc/nid2026en.csv
179,Typhus and other rickettsial diseases - Urban typhus,,2026,5,2026-05-01,0,0,cases,"Hong Kong, China CHP Notifiable Infectious Diseases",https://www.chp.gov.hk/files/misc/nid2026en.csv
180,Viral haemorrhagic fever,,2026,5,2026-05-01,0,0,cases,"Hong Kong, China CHP Notifiable Infectious Diseases",https://www.chp.gov.hk/files/misc/nid2026en.csv
181,Viral hepatitis - A,,2026,5,2026-05-01,5,44,cases,"Hong Kong, China CHP Notifiable Infectious Diseases",https://www.chp.gov.hk/files/misc/nid2026en.csv
182,Viral hepatitis - B,,2026,5,2026-05-01,1,4,cases,"Hong Kong, China CHP Notifiable Infectious Diseases",https://www.chp.gov.hk/files/misc/nid2026en.csv
183,Viral hepatitis - C,,2026,5,2026-05-01,7,25,cases,"Hong Kong, China CHP Notifiable Infectious Diseases",https://www.chp.gov.hk/files/misc/nid2026en.csv
184,Viral hepatitis - D,,2026,5,2026-05-01,0,0,cases,"Hong Kong, China CHP Notifiable Infectious Diseases",https://www.chp.gov.hk/files/misc/nid2026en.csv
185,Viral hepatitis - E,,2026,5,2026-05-01,15,88,cases,"Hong Kong, China CHP Notifiable Infectious Diseases",https://www.chp.gov.hk/files/misc/nid2026en.csv
186,West Nile Virus Infection,,2026,5,2026-05-01,0,0,cases,"Hong Kong, China CHP Notifiable Infectious Diseases",https://www.chp.gov.hk/files/misc/nid2026en.csv
187,Whooping cough,,2026,5,2026-05-01,1,3,cases,"Hong Kong, China CHP Notifiable Infectious Diseases",https://www.chp.gov.hk/files/misc/nid2026en.csv
188,Yellow fever,,2026,5,2026-05-01,0,0,cases,"Hong Kong, China CHP Notifiable Infectious Diseases",https://www.chp.gov.hk/files/misc/nid2026en.csv
189,Zika Virus Infection,,2026,5,2026-05-01,0,0,cases,"Hong Kong, China CHP Notifiable Infectious Diseases",https://www.chp.gov.hk/files/misc/nid2026en.csv
190,Acute poliomyelitis,,2026,6,2026-06-01,0,0,cases,"Hong Kong, China CHP Notifiable Infectious Diseases",https://www.chp.gov.hk/files/misc/nid2026en.csv
191,Amoebic dysentery,,2026,6,2026-06-01,2,9,cases,"Hong Kong, China CHP Notifiable Infectious Diseases",https://www.chp.gov.hk/files/misc/nid2026en.csv
192,Anthrax,,2026,6,2026-06-01,0,0,cases,"Hong Kong, China CHP Notifiable Infectious Diseases",https://www.chp.gov.hk/files/misc/nid2026en.csv
193,Bacillary dysentery,,2026,6,2026-06-01,2,8,cases,"Hong Kong, China CHP Notifiable Infectious Diseases",https://www.chp.gov.hk/files/misc/nid2026en.csv
194,Botulism,,2026,6,2026-06-01,0,2,cases,"Hong Kong, China CHP Notifiable Infectious Diseases",https://www.chp.gov.hk/files/misc/nid2026en.csv
195,Chickenpox,,2026,6,2026-06-01,147,862,cases,"Hong Kong, China CHP Notifiable Infectious Diseases",https://www.chp.gov.hk/files/misc/nid2026en.csv
196,Chikungunya fever,,2026,6,2026-06-01,0,2,cases,"Hong Kong, China CHP Notifiable Infectious Diseases",https://www.chp.gov.hk/files/misc/nid2026en.csv
197,Cholera,,2026,6,2026-06-01,0,0,cases,"Hong Kong, China CHP Notifiable Infectious Diseases",https://www.chp.gov.hk/files/misc/nid2026en.csv
198,Community-associated methicillin-resistant Staphylococcus aureus infection,,2026,6,2026-06-01,30,181,cases,"Hong Kong, China CHP Notifiable Infectious Diseases",https://www.chp.gov.hk/files/misc/nid2026en.csv
199,Coronavirus disease 2019 (COVID-19),,2026,6,2026-06-01,60,81,cases,"Hong Kong, China CHP Notifiable Infectious Diseases",https://www.chp.gov.hk/files/misc/nid2026en.csv
200,Creutzfeldt-Jakob disease,,2026,6,2026-06-01,4,13,cases,"Hong Kong, China CHP Notifiable Infectious Diseases",https://www.chp.gov.hk/files/misc/nid2026en.csv
201,Dengue fever,,2026,6,2026-06-01,3,24,cases,"Hong Kong, China CHP Notifiable Infectious Diseases",https://www.chp.gov.hk/files/misc/nid2026en.csv
202,Diphtheria,,2026,6,2026-06-01,0,0,cases,"Hong Kong, China CHP Notifiable Infectious Diseases",https://www.chp.gov.hk/files/misc/nid2026en.csv
203,Enterovirus 71 infection,,2026,6,2026-06-01,0,0,cases,"Hong Kong, China CHP Notifiable Infectious Diseases",https://www.chp.gov.hk/files/misc/nid2026en.csv
204,Food poisoning - Outbreaks,,2026,6,2026-06-01,10,95,outbreaks,"Hong Kong, China CHP Notifiable Infectious Diseases",https://www.chp.gov.hk/files/misc/nid2026en.csv
205,Haemophilus influenzae type b infection (invasive),,2026,6,2026-06-01,0,0,cases,"Hong Kong, China CHP Notifiable Infectious Diseases",https://www.chp.gov.hk/files/misc/nid2026en.csv
206,Hantavirus infection,,2026,6,2026-06-01,0,0,cases,"Hong Kong, China CHP Notifiable Infectious Diseases",https://www.chp.gov.hk/files/misc/nid2026en.csv
207,Invasive pneumococcal disease,,2026,6,2026-06-01,7,64,cases,"Hong Kong, China CHP Notifiable Infectious Diseases",https://www.chp.gov.hk/files/misc/nid2026en.csv
208,Japanese encephalitis,,2026,6,2026-06-01,0,0,cases,"Hong Kong, China CHP Notifiable Infectious Diseases",https://www.chp.gov.hk/files/misc/nid2026en.csv
209,Legionnaires' disease,,2026,6,2026-06-01,19,87,cases,"Hong Kong, China CHP Notifiable Infectious Diseases",https://www.chp.gov.hk/files/misc/nid2026en.csv
210,Leprosy,,2026,6,2026-06-01,0,1,cases,"Hong Kong, China CHP Notifiable Infectious Diseases",https://www.chp.gov.hk/files/misc/nid2026en.csv
211,Leptospirosis,,2026,6,2026-06-01,0,0,cases,"Hong Kong, China CHP Notifiable Infectious Diseases",https://www.chp.gov.hk/files/misc/nid2026en.csv
212,Listeriosis,,2026,6,2026-06-01,3,7,cases,"Hong Kong, China CHP Notifiable Infectious Diseases",https://www.chp.gov.hk/files/misc/nid2026en.csv
213,Malaria,,2026,6,2026-06-01,2,4,cases,"Hong Kong, China CHP Notifiable Infectious Diseases",https://www.chp.gov.hk/files/misc/nid2026en.csv
214,Measles,,2026,6,2026-06-01,1,8,cases,"Hong Kong, China CHP Notifiable Infectious Diseases",https://www.chp.gov.hk/files/misc/nid2026en.csv
215,Melioidosis,,2026,6,2026-06-01,1,7,cases,"Hong Kong, China CHP Notifiable Infectious Diseases",https://www.chp.gov.hk/files/misc/nid2026en.csv
216,Meningococcal infection (invasive),,2026,6,2026-06-01,0,5,cases,"Hong Kong, China CHP Notifiable Infectious Diseases",https://www.chp.gov.hk/files/misc/nid2026en.csv
217,Middle East Respiratory Syndrome,,2026,6,2026-06-01,0,0,cases,"Hong Kong, China CHP Notifiable Infectious Diseases",https://www.chp.gov.hk/files/misc/nid2026en.csv
218,Mpox (Monkeypox),,2026,6,2026-06-01,5,8,cases,"Hong Kong, China CHP Notifiable Infectious Diseases",https://www.chp.gov.hk/files/misc/nid2026en.csv
219,Mumps,,2026,6,2026-06-01,4,19,cases,"Hong Kong, China CHP Notifiable Infectious Diseases",https://www.chp.gov.hk/files/misc/nid2026en.csv
220,Novel influenza A infection - Influenza A (H5),,2026,6,2026-06-01,0,0,cases,"Hong Kong, China CHP Notifiable Infectious Diseases",https://www.chp.gov.hk/files/misc/nid2026en.csv
221,Novel influenza A infection - Influenza A (H7),,2026,6,2026-06-01,0,0,cases,"Hong Kong, China CHP Notifiable Infectious Diseases",https://www.chp.gov.hk/files/misc/nid2026en.csv
222,Novel influenza A infection - Others,,2026,6,2026-06-01,1,1,cases,"Hong Kong, China CHP Notifiable Infectious Diseases",https://www.chp.gov.hk/files/misc/nid2026en.csv
223,Paratyphoid fever,,2026,6,2026-06-01,1,5,cases,"Hong Kong, China CHP Notifiable Infectious Diseases",https://www.chp.gov.hk/files/misc/nid2026en.csv
224,Plague,,2026,6,2026-06-01,0,0,cases,"Hong Kong, China CHP Notifiable Infectious Diseases",https://www.chp.gov.hk/files/misc/nid2026en.csv
225,Psittacosis,,2026,6,2026-06-01,2,8,cases,"Hong Kong, China CHP Notifiable Infectious Diseases",https://www.chp.gov.hk/files/misc/nid2026en.csv
226,Q fever,,2026,6,2026-06-01,0,0,cases,"Hong Kong, China CHP Notifiable Infectious Diseases",https://www.chp.gov.hk/files/misc/nid2026en.csv
227,Rabies,,2026,6,2026-06-01,0,0,cases,"Hong Kong, China CHP Notifiable Infectious Diseases",https://www.chp.gov.hk/files/misc/nid2026en.csv
228,Relapsing fever,,2026,6,2026-06-01,0,0,cases,"Hong Kong, China CHP Notifiable Infectious Diseases",https://www.chp.gov.hk/files/misc/nid2026en.csv
229,Rubella and congenital rubella syndrome - Congenital rubella syndrome,,2026,6,2026-06-01,0,0,cases,"Hong Kong, China CHP Notifiable Infectious Diseases",https://www.chp.gov.hk/files/misc/nid2026en.csv
230,Rubella and congenital rubella syndrome - Rubella,,2026,6,2026-06-01,0,0,cases,"Hong Kong, China CHP Notifiable Infectious Diseases",https://www.chp.gov.hk/files/misc/nid2026en.csv
231,Scarlet fever,,2026,6,2026-06-01,81,439,cases,"Hong Kong, China CHP Notifiable Infectious Diseases",https://www.chp.gov.hk/files/misc/nid2026en.csv
232,Severe Acute Respiratory Syndrome,,2026,6,2026-06-01,0,0,cases,"Hong Kong, China CHP Notifiable Infectious Diseases",https://www.chp.gov.hk/files/misc/nid2026en.csv
233,Shiga toxin-producing Escherichia coli infection,,2026,6,2026-06-01,2,3,cases,"Hong Kong, China CHP Notifiable Infectious Diseases",https://www.chp.gov.hk/files/misc/nid2026en.csv
234,Smallpox,,2026,6,2026-06-01,0,0,cases,"Hong Kong, China CHP Notifiable Infectious Diseases",https://www.chp.gov.hk/files/misc/nid2026en.csv
235,Streptococcus suis infection,,2026,6,2026-06-01,1,2,cases,"Hong Kong, China CHP Notifiable Infectious Diseases",https://www.chp.gov.hk/files/misc/nid2026en.csv
236,Tetanus,,2026,6,2026-06-01,0,0,cases,"Hong Kong, China CHP Notifiable Infectious Diseases",https://www.chp.gov.hk/files/misc/nid2026en.csv
237,Tuberculosis,,2026,6,2026-06-01,262,1381,cases,"Hong Kong, China CHP Notifiable Infectious Diseases",https://www.chp.gov.hk/files/misc/nid2026en.csv
238,Typhoid fever,,2026,6,2026-06-01,0,6,cases,"Hong Kong, China CHP Notifiable Infectious Diseases",https://www.chp.gov.hk/files/misc/nid2026en.csv
239,Typhus and other rickettsial diseases - Scrub typhus,,2026,6,2026-06-01,3,5,cases,"Hong Kong, China CHP Notifiable Infectious Diseases",https://www.chp.gov.hk/files/misc/nid2026en.csv
240,Typhus and other rickettsial diseases - Spotted fever,,2026,6,2026-06-01,3,7,cases,"Hong Kong, China CHP Notifiable Infectious Diseases",https://www.chp.gov.hk/files/misc/nid2026en.csv
241,Typhus and other rickettsial diseases - Unclassified,,2026,6,2026-06-01,0,1,cases,"Hong Kong, China CHP Notifiable Infectious Diseases",https://www.chp.gov.hk/files/misc/nid2026en.csv
242,Typhus and other rickettsial diseases - Urban typhus,,2026,6,2026-06-01,0,0,cases,"Hong Kong, China CHP Notifiable Infectious Diseases",https://www.chp.gov.hk/files/misc/nid2026en.csv
243,Viral haemorrhagic fever,,2026,6,2026-06-01,0,0,cases,"Hong Kong, China CHP Notifiable Infectious Diseases",https://www.chp.gov.hk/files/misc/nid2026en.csv
244,Viral hepatitis - A,,2026,6,2026-06-01,5,44,cases,"Hong Kong, China CHP Notifiable Infectious Diseases",https://www.chp.gov.hk/files/misc/nid2026en.csv
245,Viral hepatitis - B,,2026,6,2026-06-01,0,4,cases,"Hong Kong, China CHP Notifiable Infectious Diseases",https://www.chp.gov.hk/files/misc/nid2026en.csv
246,Viral hepatitis - C,,2026,6,2026-06-01,5,25,cases,"Hong Kong, China CHP Notifiable Infectious Diseases",https://www.chp.gov.hk/files/misc/nid2026en.csv
247,Viral hepatitis - D,,2026,6,2026-06-01,0,0,cases,"Hong Kong, China CHP Notifiable Infectious Diseases",https://www.chp.gov.hk/files/misc/nid2026en.csv
248,Viral hepatitis - E,,2026,6,2026-06-01,21,88,cases,"Hong Kong, China CHP Notifiable Infectious Diseases",https://www.chp.gov.hk/files/misc/nid2026en.csv
249,West Nile Virus Infection,,2026,6,2026-06-01,0,0,cases,"Hong Kong, China CHP Notifiable Infectious Diseases",https://www.chp.gov.hk/files/misc/nid2026en.csv
250,Whooping cough,,2026,6,2026-06-01,0,3,cases,"Hong Kong, China CHP Notifiable Infectious Diseases",https://www.chp.gov.hk/files/misc/nid2026en.csv
251,Yellow fever,,2026,6,2026-06-01,0,0,cases,"Hong Kong, China CHP Notifiable Infectious Diseases",https://www.chp.gov.hk/files/misc/nid2026en.csv
252,Zika Virus Infection,,2026,6,2026-06-01,0,0,cases,"Hong Kong, China CHP Notifiable Infectious Diseases",https://www.chp.gov.hk/files/misc/nid2026en.csv
