country_code,year,population,source,reference_date,source_url
CN-AH,2000,60930000,NBS,2000-12-31,https://www.stats.gov.cn/sj/ndsj/2012/html/D0304C.xls
CN-AH,2001,61280000,NBS,2001-12-31,https://www.stats.gov.cn/sj/ndsj/2012/html/D0304C.xls
CN-AH,2002,61440000,NBS,2002-12-31,https://www.stats.gov.cn/sj/ndsj/2014/zk/html/Z0205C.xls
CN-AH,2003,61630000,NBS,2003-12-31,https://www.stats.gov.cn/sj/ndsj/2014/zk/html/Z0205C.xls
CN-AH,2004,62280000,NBS,2004-12-31,https://www.stats.gov.cn/sj/ndsj/2014/zk/html/Z0205C.xls
CN-AH,2005,61200900,NBS,2005-12-31,https://www.stats.gov.cn/sj/ndsj/2014/zk/html/Z0205C.xls
CN-AH,2006,61100000,NBS,2006-12-31,https://www.stats.gov.cn/sj/ndsj/2014/zk/html/Z0205C.xls
CN-AH,2007,61180000,NBS,2007-12-31,https://www.stats.gov.cn/sj/ndsj/2014/zk/html/Z0205C.xls
CN-AH,2008,61350000,NBS,2008-12-31,https://www.stats.gov.cn/sj/ndsj/2014/zk/html/Z0205C.xls
CN-AH,2009,61310000,NBS,2009-12-31,https://www.stats.gov.cn/sj/ndsj/2014/zk/html/Z0205C.xls
CN-AH,2010,59567000,NBS,2010-12-31,https://www.stats.gov.cn/sj/ndsj/2014/zk/html/Z0205C.xls
CN-AH,2011,59720000,NBS,2011-12-31,https://www.stats.gov.cn/sj/ndsj/2021/html/C02-05.jpg
CN-AH,2012,59780000,NBS,2012-12-31,https://www.stats.gov.cn/sj/ndsj/2021/html/C02-05.jpg
CN-AH,2013,59880000,NBS,2013-12-31,https://www.stats.gov.cn/sj/ndsj/2021/html/C02-05.jpg
CN-AH,2014,59970000,NBS,2014-12-31,https://www.stats.gov.cn/sj/ndsj/2021/html/C02-05.jpg
CN-AH,2015,60110000,NBS,2015-12-31,https://www.stats.gov.cn/sj/ndsj/2025/html/C02-05.jpg
CN-AH,2016,60330000,NBS,2016-12-31,https://www.stats.gov.cn/sj/ndsj/2025/html/C02-05.jpg
CN-AH,2017,60570000,NBS,2017-12-31,https://www.stats.gov.cn/sj/ndsj/2025/html/C02-05.jpg
CN-AH,2018,60760000,NBS,2018-12-31,https://www.stats.gov.cn/sj/ndsj/2025/html/C02-05.jpg
CN-AH,2019,60920000,NBS,2019-12-31,https://www.stats.gov.cn/sj/ndsj/2025/html/C02-05.jpg
CN-AH,2020,61050000,NBS,2020-12-31,https://www.stats.gov.cn/sj/ndsj/2025/html/C02-05.jpg
CN-AH,2021,61130000,NBS,2021-12-31,https://www.stats.gov.cn/sj/ndsj/2025/html/C02-05.jpg
CN-AH,2022,61270000,NBS,2022-12-31,https://www.stats.gov.cn/sj/ndsj/2025/html/C02-05.jpg
CN-AH,2023,61210000,NBS,2023-12-31,https://www.stats.gov.cn/sj/ndsj/2025/html/C02-05.jpg
CN-AH,2024,61230000,NBS,2024-12-31,https://www.stats.gov.cn/sj/ndsj/2025/html/C02-05.jpg
CN-BJ,2000,13640000,NBS,2000-12-31,https://www.stats.gov.cn/sj/ndsj/2012/html/D0304C.xls
CN-BJ,2001,13850000,NBS,2001-12-31,https://www.stats.gov.cn/sj/ndsj/2012/html/D0304C.xls
CN-BJ,2002,14230000,NBS,2002-12-31,https://www.stats.gov.cn/sj/ndsj/2014/zk/html/Z0205C.xls
CN-BJ,2003,14560000,NBS,2003-12-31,https://www.stats.gov.cn/sj/ndsj/2014/zk/html/Z0205C.xls
CN-BJ,2004,14930000,NBS,2004-12-31,https://www.stats.gov.cn/sj/ndsj/2014/zk/html/Z0205C.xls
CN-BJ,2005,15380000,NBS,2005-12-31,https://www.stats.gov.cn/sj/ndsj/2014/zk/html/Z0205C.xls
CN-BJ,2006,16010000,NBS,2006-12-31,https://www.stats.gov.cn/sj/ndsj/2014/zk/html/Z0205C.xls
CN-BJ,2007,16760000,NBS,2007-12-31,https://www.stats.gov.cn/sj/ndsj/2014/zk/html/Z0205C.xls
CN-BJ,2008,17710000,NBS,2008-12-31,https://www.stats.gov.cn/sj/ndsj/2014/zk/html/Z0205C.xls
CN-BJ,2009,18600000,NBS,2009-12-31,https://www.stats.gov.cn/sj/ndsj/2014/zk/html/Z0205C.xls
CN-BJ,2010,19619000,NBS,2010-12-31,https://www.stats.gov.cn/sj/ndsj/2014/zk/html/Z0205C.xls
CN-BJ,2011,20240000,NBS,2011-12-31,https://www.stats.gov.cn/sj/ndsj/2021/html/C02-05.jpg
CN-BJ,2012,20780000,NBS,2012-12-31,https://www.stats.gov.cn/sj/ndsj/2021/html/C02-05.jpg
CN-BJ,2013,21250000,NBS,2013-12-31,https://www.stats.gov.cn/sj/ndsj/2021/html/C02-05.jpg
CN-BJ,2014,21710000,NBS,2014-12-31,https://www.stats.gov.cn/sj/ndsj/2021/html/C02-05.jpg
CN-BJ,2015,21880000,NBS,2015-12-31,https://www.stats.gov.cn/sj/ndsj/2025/html/C02-05.jpg
CN-BJ,2016,21950000,NBS,2016-12-31,https://www.stats.gov.cn/sj/ndsj/2025/html/C02-05.jpg
CN-BJ,2017,21940000,NBS,2017-12-31,https://www.stats.gov.cn/sj/ndsj/2025/html/C02-05.jpg
CN-BJ,2018,21920000,NBS,2018-12-31,https://www.stats.gov.cn/sj/ndsj/2025/html/C02-05.jpg
CN-BJ,2019,21900000,NBS,2019-12-31,https://www.stats.gov.cn/sj/ndsj/2025/html/C02-05.jpg
CN-BJ,2020,21890000,NBS,2020-12-31,https://www.stats.gov.cn/sj/ndsj/2025/html/C02-05.jpg
CN-BJ,2021,21890000,NBS,2021-12-31,https://www.stats.gov.cn/sj/ndsj/2025/html/C02-05.jpg
CN-BJ,2022,21840000,NBS,2022-12-31,https://www.stats.gov.cn/sj/ndsj/2025/html/C02-05.jpg
CN-BJ,2023,21860000,NBS,2023-12-31,https://www.stats.gov.cn/sj/ndsj/2025/html/C02-05.jpg
CN-BJ,2024,21830000,NBS,2024-12-31,https://www.stats.gov.cn/sj/ndsj/2025/html/C02-05.jpg
CN-CQ,2000,28488200,NBS,2000-12-31,https://www.stats.gov.cn/sj/ndsj/2012/html/D0304C.xls
CN-CQ,2001,28292100,NBS,2001-12-31,https://www.stats.gov.cn/sj/ndsj/2012/html/D0304C.xls
CN-CQ,2002,28144300,NBS,2002-12-31,https://www.stats.gov.cn/sj/ndsj/2014/zk/html/Z0205C.xls
CN-CQ,2003,28031900,NBS,2003-12-31,https://www.stats.gov.cn/sj/ndsj/2014/zk/html/Z0205C.xls
CN-CQ,2004,27933200,NBS,2004-12-31,https://www.stats.gov.cn/sj/ndsj/2014/zk/html/Z0205C.xls
CN-CQ,2005,27980000,NBS,2005-12-31,https://www.stats.gov.cn/sj/ndsj/2014/zk/html/Z0205C.xls
CN-CQ,2006,28080000,NBS,2006-12-31,https://www.stats.gov.cn/sj/ndsj/2014/zk/html/Z0205C.xls
CN-CQ,2007,28160000,NBS,2007-12-31,https://www.stats.gov.cn/sj/ndsj/2014/zk/html/Z0205C.xls
CN-CQ,2008,28390000,NBS,2008-12-31,https://www.stats.gov.cn/sj/ndsj/2014/zk/html/Z0205C.xls
CN-CQ,2009,28590000,NBS,2009-12-31,https://www.stats.gov.cn/sj/ndsj/2014/zk/html/Z0205C.xls
CN-CQ,2010,28846200,NBS,2010-12-31,https://www.stats.gov.cn/sj/ndsj/2014/zk/html/Z0205C.xls
CN-CQ,2011,29440000,NBS,2011-12-31,https://www.stats.gov.cn/sj/ndsj/2021/html/C02-05.jpg
CN-CQ,2012,29750000,NBS,2012-12-31,https://www.stats.gov.cn/sj/ndsj/2021/html/C02-05.jpg
CN-CQ,2013,30110000,NBS,2013-12-31,https://www.stats.gov.cn/sj/ndsj/2021/html/C02-05.jpg
CN-CQ,2014,30430000,NBS,2014-12-31,https://www.stats.gov.cn/sj/ndsj/2021/html/C02-05.jpg
CN-CQ,2015,30700000,NBS,2015-12-31,https://www.stats.gov.cn/sj/ndsj/2025/html/C02-05.jpg
CN-CQ,2016,31100000,NBS,2016-12-31,https://www.stats.gov.cn/sj/ndsj/2025/html/C02-05.jpg
CN-CQ,2017,31440000,NBS,2017-12-31,https://www.stats.gov.cn/sj/ndsj/2025/html/C02-05.jpg
CN-CQ,2018,31630000,NBS,2018-12-31,https://www.stats.gov.cn/sj/ndsj/2025/html/C02-05.jpg
CN-CQ,2019,31880000,NBS,2019-12-31,https://www.stats.gov.cn/sj/ndsj/2025/html/C02-05.jpg
CN-CQ,2020,32090000,NBS,2020-12-31,https://www.stats.gov.cn/sj/ndsj/2025/html/C02-05.jpg
CN-CQ,2021,32120000,NBS,2021-12-31,https://www.stats.gov.cn/sj/ndsj/2025/html/C02-05.jpg
CN-CQ,2022,32130000,NBS,2022-12-31,https://www.stats.gov.cn/sj/ndsj/2025/html/C02-05.jpg
CN-CQ,2023,31910000,NBS,2023-12-31,https://www.stats.gov.cn/sj/ndsj/2025/html/C02-05.jpg
CN-CQ,2024,31900000,NBS,2024-12-31,https://www.stats.gov.cn/sj/ndsj/2025/html/C02-05.jpg
CN-FJ,2000,34100000,NBS,2000-12-31,https://www.stats.gov.cn/sj/ndsj/2012/html/D0304C.xls
CN-FJ,2001,34453750,NBS,2001-12-31,https://www.stats.gov.cn/sj/ndsj/2012/html/D0304C.xls
CN-FJ,2002,34760333,NBS,2002-12-31,https://www.stats.gov.cn/sj/ndsj/2014/zk/html/Z0205C.xls
CN-FJ,2003,35019750,NBS,2003-12-31,https://www.stats.gov.cn/sj/ndsj/2014/zk/html/Z0205C.xls
CN-FJ,2004,35290958,NBS,2004-12-31,https://www.stats.gov.cn/sj/ndsj/2014/zk/html/Z0205C.xls
CN-FJ,2005,35570000,NBS,2005-12-31,https://www.stats.gov.cn/sj/ndsj/2014/zk/html/Z0205C.xls
CN-FJ,2006,35850000,NBS,2006-12-31,https://www.stats.gov.cn/sj/ndsj/2014/zk/html/Z0205C.xls
CN-FJ,2007,36120000,NBS,2007-12-31,https://www.stats.gov.cn/sj/ndsj/2014/zk/html/Z0205C.xls
CN-FJ,2008,36390000,NBS,2008-12-31,https://www.stats.gov.cn/sj/ndsj/2014/zk/html/Z0205C.xls
CN-FJ,2009,36660000,NBS,2009-12-31,https://www.stats.gov.cn/sj/ndsj/2014/zk/html/Z0205C.xls
CN-FJ,2010,36930000,NBS,2010-12-31,https://www.stats.gov.cn/sj/ndsj/2014/zk/html/Z0205C.xls
CN-FJ,2011,37840000,NBS,2011-12-31,https://www.stats.gov.cn/sj/ndsj/2021/html/C02-05.jpg
CN-FJ,2012,38410000,NBS,2012-12-31,https://www.stats.gov.cn/sj/ndsj/2021/html/C02-05.jpg
CN-FJ,2013,38850000,NBS,2013-12-31,https://www.stats.gov.cn/sj/ndsj/2021/html/C02-05.jpg
CN-FJ,2014,39450000,NBS,2014-12-31,https://www.stats.gov.cn/sj/ndsj/2021/html/C02-05.jpg
CN-FJ,2015,39840000,NBS,2015-12-31,https://www.stats.gov.cn/sj/ndsj/2025/html/C02-05.jpg
CN-FJ,2016,40160000,NBS,2016-12-31,https://www.stats.gov.cn/sj/ndsj/2025/html/C02-05.jpg
CN-FJ,2017,40650000,NBS,2017-12-31,https://www.stats.gov.cn/sj/ndsj/2025/html/C02-05.jpg
CN-FJ,2018,41040000,NBS,2018-12-31,https://www.stats.gov.cn/sj/ndsj/2025/html/C02-05.jpg
CN-FJ,2019,41370000,NBS,2019-12-31,https://www.stats.gov.cn/sj/ndsj/2025/html/C02-05.jpg
CN-FJ,2020,41610000,NBS,2020-12-31,https://www.stats.gov.cn/sj/ndsj/2025/html/C02-05.jpg
CN-FJ,2021,41870000,NBS,2021-12-31,https://www.stats.gov.cn/sj/ndsj/2025/html/C02-05.jpg
CN-FJ,2022,41880000,NBS,2022-12-31,https://www.stats.gov.cn/sj/ndsj/2025/html/C02-05.jpg
CN-FJ,2023,41830000,NBS,2023-12-31,https://www.stats.gov.cn/sj/ndsj/2025/html/C02-05.jpg
CN-FJ,2024,41930000,NBS,2024-12-31,https://www.stats.gov.cn/sj/ndsj/2025/html/C02-05.jpg
CN-GD,2000,86500300,NBS,2000-12-31,https://www.stats.gov.cn/sj/ndsj/2012/html/D0304C.xls
CN-GD,2001,87331800,NBS,2001-12-31,https://www.stats.gov.cn/sj/ndsj/2012/html/D0304C.xls
CN-GD,2002,88420800,NBS,2002-12-31,https://www.stats.gov.cn/sj/ndsj/2014/zk/html/Z0205C.xls
CN-GD,2003,89626900,NBS,2003-12-31,https://www.stats.gov.cn/sj/ndsj/2014/zk/html/Z0205C.xls
CN-GD,2004,91106600,NBS,2004-12-31,https://www.stats.gov.cn/sj/ndsj/2014/zk/html/Z0205C.xls
CN-GD,2005,91940000,NBS,2005-12-31,https://www.stats.gov.cn/sj/ndsj/2014/zk/html/Z0205C.xls
CN-GD,2006,94420700,NBS,2006-12-31,https://www.stats.gov.cn/sj/ndsj/2014/zk/html/Z0205C.xls
CN-GD,2007,96595200,NBS,2007-12-31,https://www.stats.gov.cn/sj/ndsj/2014/zk/html/Z0205C.xls
CN-GD,2008,98934800,NBS,2008-12-31,https://www.stats.gov.cn/sj/ndsj/2014/zk/html/Z0205C.xls
CN-GD,2009,101301855,NBS,2009-12-31,https://www.stats.gov.cn/sj/ndsj/2014/zk/html/Z0205C.xls
CN-GD,2010,104409400,NBS,2010-12-31,https://www.stats.gov.cn/sj/ndsj/2014/zk/html/Z0205C.xls
CN-GD,2011,107560000,NBS,2011-12-31,https://www.stats.gov.cn/sj/ndsj/2021/html/C02-05.jpg
CN-GD,2012,110410000,NBS,2012-12-31,https://www.stats.gov.cn/sj/ndsj/2021/html/C02-05.jpg
CN-GD,2013,112700000,NBS,2013-12-31,https://www.stats.gov.cn/sj/ndsj/2021/html/C02-05.jpg
CN-GD,2014,114890000,NBS,2014-12-31,https://www.stats.gov.cn/sj/ndsj/2021/html/C02-05.jpg
CN-GD,2015,116780000,NBS,2015-12-31,https://www.stats.gov.cn/sj/ndsj/2025/html/C02-05.jpg
CN-GD,2016,119080000,NBS,2016-12-31,https://www.stats.gov.cn/sj/ndsj/2025/html/C02-05.jpg
CN-GD,2017,121410000,NBS,2017-12-31,https://www.stats.gov.cn/sj/ndsj/2025/html/C02-05.jpg
CN-GD,2018,123480000,NBS,2018-12-31,https://www.stats.gov.cn/sj/ndsj/2025/html/C02-05.jpg
CN-GD,2019,124890000,NBS,2019-12-31,https://www.stats.gov.cn/sj/ndsj/2025/html/C02-05.jpg
CN-GD,2020,126240000,NBS,2020-12-31,https://www.stats.gov.cn/sj/ndsj/2025/html/C02-05.jpg
CN-GD,2021,126840000,NBS,2021-12-31,https://www.stats.gov.cn/sj/ndsj/2025/html/C02-05.jpg
CN-GD,2022,126570000,NBS,2022-12-31,https://www.stats.gov.cn/sj/ndsj/2025/html/C02-05.jpg
CN-GD,2023,127060000,NBS,2023-12-31,https://www.stats.gov.cn/sj/ndsj/2025/html/C02-05.jpg
CN-GD,2024,127800000,NBS,2024-12-31,https://www.stats.gov.cn/sj/ndsj/2025/html/C02-05.jpg
CN-GS,2000,25153100,NBS,2000-12-31,https://www.stats.gov.cn/sj/ndsj/2012/html/D0304C.xls
CN-GS,2001,25233500,NBS,2001-12-31,https://www.stats.gov.cn/sj/ndsj/2012/html/D0304C.xls
CN-GS,2002,25307600,NBS,2002-12-31,https://www.stats.gov.cn/sj/ndsj/2014/zk/html/Z0205C.xls
CN-GS,2003,25371900,NBS,2003-12-31,https://www.stats.gov.cn/sj/ndsj/2014/zk/html/Z0205C.xls
CN-GS,2004,25414800,NBS,2004-12-31,https://www.stats.gov.cn/sj/ndsj/2014/zk/html/Z0205C.xls
CN-GS,2005,25451000,NBS,2005-12-31,https://www.stats.gov.cn/sj/ndsj/2014/zk/html/Z0205C.xls
CN-GS,2006,25467900,NBS,2006-12-31,https://www.stats.gov.cn/sj/ndsj/2014/zk/html/Z0205C.xls
CN-GS,2007,25481900,NBS,2007-12-31,https://www.stats.gov.cn/sj/ndsj/2014/zk/html/Z0205C.xls
CN-GS,2008,25508800,NBS,2008-12-31,https://www.stats.gov.cn/sj/ndsj/2014/zk/html/Z0205C.xls
CN-GS,2009,25549100,NBS,2009-12-31,https://www.stats.gov.cn/sj/ndsj/2014/zk/html/Z0205C.xls
CN-GS,2010,25599800,NBS,2010-12-31,https://www.stats.gov.cn/sj/ndsj/2014/zk/html/Z0205C.xls
CN-GS,2011,25520000,NBS,2011-12-31,https://www.stats.gov.cn/sj/ndsj/2021/html/C02-05.jpg
CN-GS,2012,25500000,NBS,2012-12-31,https://www.stats.gov.cn/sj/ndsj/2021/html/C02-05.jpg
CN-GS,2013,25370000,NBS,2013-12-31,https://www.stats.gov.cn/sj/ndsj/2021/html/C02-05.jpg
CN-GS,2014,25310000,NBS,2014-12-31,https://www.stats.gov.cn/sj/ndsj/2021/html/C02-05.jpg
CN-GS,2015,25230000,NBS,2015-12-31,https://www.stats.gov.cn/sj/ndsj/2025/html/C02-05.jpg
CN-GS,2016,25200000,NBS,2016-12-31,https://www.stats.gov.cn/sj/ndsj/2025/html/C02-05.jpg
CN-GS,2017,25220000,NBS,2017-12-31,https://www.stats.gov.cn/sj/ndsj/2025/html/C02-05.jpg
CN-GS,2018,25150000,NBS,2018-12-31,https://www.stats.gov.cn/sj/ndsj/2025/html/C02-05.jpg
CN-GS,2019,25090000,NBS,2019-12-31,https://www.stats.gov.cn/sj/ndsj/2025/html/C02-05.jpg
CN-GS,2020,25010000,NBS,2020-12-31,https://www.stats.gov.cn/sj/ndsj/2025/html/C02-05.jpg
CN-GS,2021,24900000,NBS,2021-12-31,https://www.stats.gov.cn/sj/ndsj/2025/html/C02-05.jpg
CN-GS,2022,24920000,NBS,2022-12-31,https://www.stats.gov.cn/sj/ndsj/2025/html/C02-05.jpg
CN-GS,2023,24650000,NBS,2023-12-31,https://www.stats.gov.cn/sj/ndsj/2025/html/C02-05.jpg
CN-GS,2024,24580000,NBS,2024-12-31,https://www.stats.gov.cn/sj/ndsj/2025/html/C02-05.jpg
CN-GX,2000,47510000,NBS,2000-12-31,https://www.stats.gov.cn/sj/ndsj/2012/html/D0304C.xls
CN-GX,2001,47880000,NBS,2001-12-31,https://www.stats.gov.cn/sj/ndsj/2012/html/D0304C.xls
CN-GX,2002,48220000,NBS,2002-12-31,https://www.stats.gov.cn/sj/ndsj/2014/zk/html/Z0205C.xls
CN-GX,2003,48570000,NBS,2003-12-31,https://www.stats.gov.cn/sj/ndsj/2014/zk/html/Z0205C.xls
CN-GX,2004,48890000,NBS,2004-12-31,https://www.stats.gov.cn/sj/ndsj/2014/zk/html/Z0205C.xls
CN-GX,2005,46600000,NBS,2005-12-31,https://www.stats.gov.cn/sj/ndsj/2014/zk/html/Z0205C.xls
CN-GX,2006,47190000,NBS,2006-12-31,https://www.stats.gov.cn/sj/ndsj/2014/zk/html/Z0205C.xls
CN-GX,2007,47680000,NBS,2007-12-31,https://www.stats.gov.cn/sj/ndsj/2014/zk/html/Z0205C.xls
CN-GX,2008,48160000,NBS,2008-12-31,https://www.stats.gov.cn/sj/ndsj/2014/zk/html/Z0205C.xls
CN-GX,2009,48560000,NBS,2009-12-31,https://www.stats.gov.cn/sj/ndsj/2014/zk/html/Z0205C.xls
CN-GX,2010,46100000,NBS,2010-12-31,https://www.stats.gov.cn/sj/ndsj/2014/zk/html/Z0205C.xls
CN-GX,2011,46550000,NBS,2011-12-31,https://www.stats.gov.cn/sj/ndsj/2021/html/C02-05.jpg
CN-GX,2012,46940000,NBS,2012-12-31,https://www.stats.gov.cn/sj/ndsj/2021/html/C02-05.jpg
CN-GX,2013,47310000,NBS,2013-12-31,https://www.stats.gov.cn/sj/ndsj/2021/html/C02-05.jpg
CN-GX,2014,47700000,NBS,2014-12-31,https://www.stats.gov.cn/sj/ndsj/2021/html/C02-05.jpg
CN-GX,2015,48110000,NBS,2015-12-31,https://www.stats.gov.cn/sj/ndsj/2025/html/C02-05.jpg
CN-GX,2016,48570000,NBS,2016-12-31,https://www.stats.gov.cn/sj/ndsj/2025/html/C02-05.jpg
CN-GX,2017,49070000,NBS,2017-12-31,https://www.stats.gov.cn/sj/ndsj/2025/html/C02-05.jpg
CN-GX,2018,49470000,NBS,2018-12-31,https://www.stats.gov.cn/sj/ndsj/2025/html/C02-05.jpg
CN-GX,2019,49820000,NBS,2019-12-31,https://www.stats.gov.cn/sj/ndsj/2025/html/C02-05.jpg
CN-GX,2020,50190000,NBS,2020-12-31,https://www.stats.gov.cn/sj/ndsj/2025/html/C02-05.jpg
CN-GX,2021,50370000,NBS,2021-12-31,https://www.stats.gov.cn/sj/ndsj/2025/html/C02-05.jpg
CN-GX,2022,50470000,NBS,2022-12-31,https://www.stats.gov.cn/sj/ndsj/2025/html/C02-05.jpg
CN-GX,2023,50270000,NBS,2023-12-31,https://www.stats.gov.cn/sj/ndsj/2025/html/C02-05.jpg
CN-GX,2024,50130000,NBS,2024-12-31,https://www.stats.gov.cn/sj/ndsj/2025/html/C02-05.jpg
CN-GZ,2000,37560000,NBS,2000-12-31,https://www.stats.gov.cn/sj/ndsj/2012/html/D0304C.xls
CN-GZ,2001,37985100,NBS,2001-12-31,https://www.stats.gov.cn/sj/ndsj/2012/html/D0304C.xls
CN-GZ,2002,38370000,NBS,2002-12-31,https://www.stats.gov.cn/sj/ndsj/2014/zk/html/Z0205C.xls
CN-GZ,2003,38700000,NBS,2003-12-31,https://www.stats.gov.cn/sj/ndsj/2014/zk/html/Z0205C.xls
CN-GZ,2004,39040000,NBS,2004-12-31,https://www.stats.gov.cn/sj/ndsj/2014/zk/html/Z0205C.xls
CN-GZ,2005,37300000,NBS,2005-12-31,https://www.stats.gov.cn/sj/ndsj/2014/zk/html/Z0205C.xls
CN-GZ,2006,36900000,NBS,2006-12-31,https://www.stats.gov.cn/sj/ndsj/2014/zk/html/Z0205C.xls
CN-GZ,2007,36319800,NBS,2007-12-31,https://www.stats.gov.cn/sj/ndsj/2014/zk/html/Z0205C.xls
CN-GZ,2008,35959800,NBS,2008-12-31,https://www.stats.gov.cn/sj/ndsj/2014/zk/html/Z0205C.xls
CN-GZ,2009,35370000,NBS,2009-12-31,https://www.stats.gov.cn/sj/ndsj/2014/zk/html/Z0205C.xls
CN-GZ,2010,34790000,NBS,2010-12-31,https://www.stats.gov.cn/sj/ndsj/2014/zk/html/Z0205C.xls
CN-GZ,2011,35300000,NBS,2011-12-31,https://www.stats.gov.cn/sj/ndsj/2021/html/C02-05.jpg
CN-GZ,2012,35870000,NBS,2012-12-31,https://www.stats.gov.cn/sj/ndsj/2021/html/C02-05.jpg
CN-GZ,2013,36320000,NBS,2013-12-31,https://www.stats.gov.cn/sj/ndsj/2021/html/C02-05.jpg
CN-GZ,2014,36770000,NBS,2014-12-31,https://www.stats.gov.cn/sj/ndsj/2021/html/C02-05.jpg
CN-GZ,2015,37080000,NBS,2015-12-31,https://www.stats.gov.cn/sj/ndsj/2025/html/C02-05.jpg
CN-GZ,2016,37580000,NBS,2016-12-31,https://www.stats.gov.cn/sj/ndsj/2025/html/C02-05.jpg
CN-GZ,2017,38030000,NBS,2017-12-31,https://www.stats.gov.cn/sj/ndsj/2025/html/C02-05.jpg
CN-GZ,2018,38220000,NBS,2018-12-31,https://www.stats.gov.cn/sj/ndsj/2025/html/C02-05.jpg
CN-GZ,2019,38480000,NBS,2019-12-31,https://www.stats.gov.cn/sj/ndsj/2025/html/C02-05.jpg
CN-GZ,2020,38580000,NBS,2020-12-31,https://www.stats.gov.cn/sj/ndsj/2025/html/C02-05.jpg
CN-GZ,2021,38520000,NBS,2021-12-31,https://www.stats.gov.cn/sj/ndsj/2025/html/C02-05.jpg
CN-GZ,2022,38560000,NBS,2022-12-31,https://www.stats.gov.cn/sj/ndsj/2025/html/C02-05.jpg
CN-GZ,2023,38650000,NBS,2023-12-31,https://www.stats.gov.cn/sj/ndsj/2025/html/C02-05.jpg
CN-GZ,2024,38600000,NBS,2024-12-31,https://www.stats.gov.cn/sj/ndsj/2025/html/C02-05.jpg
CN-HA,2000,94880000,NBS,2000-12-31,https://www.stats.gov.cn/sj/ndsj/2012/html/D0304C.xls
CN-HA,2001,95550000,NBS,2001-12-31,https://www.stats.gov.cn/sj/ndsj/2012/html/D0304C.xls
CN-HA,2002,96130000,NBS,2002-12-31,https://www.stats.gov.cn/sj/ndsj/2014/zk/html/Z0205C.xls
CN-HA,2003,96670000,NBS,2003-12-31,https://www.stats.gov.cn/sj/ndsj/2014/zk/html/Z0205C.xls
CN-HA,2004,97170000,NBS,2004-12-31,https://www.stats.gov.cn/sj/ndsj/2014/zk/html/Z0205C.xls
CN-HA,2005,93800000,NBS,2005-12-31,https://www.stats.gov.cn/sj/ndsj/2014/zk/html/Z0205C.xls
CN-HA,2006,93920000,NBS,2006-12-31,https://www.stats.gov.cn/sj/ndsj/2014/zk/html/Z0205C.xls
CN-HA,2007,93600000,NBS,2007-12-31,https://www.stats.gov.cn/sj/ndsj/2014/zk/html/Z0205C.xls
CN-HA,2008,94290000,NBS,2008-12-31,https://www.stats.gov.cn/sj/ndsj/2014/zk/html/Z0205C.xls
CN-HA,2009,94870500,NBS,2009-12-31,https://www.stats.gov.cn/sj/ndsj/2014/zk/html/Z0205C.xls
CN-HA,2010,94054700,NBS,2010-12-31,https://www.stats.gov.cn/sj/ndsj/2014/zk/html/Z0205C.xls
CN-HA,2011,94610000,NBS,2011-12-31,https://www.stats.gov.cn/sj/ndsj/2021/html/C02-05.jpg
CN-HA,2012,95320000,NBS,2012-12-31,https://www.stats.gov.cn/sj/ndsj/2021/html/C02-05.jpg
CN-HA,2013,95730000,NBS,2013-12-31,https://www.stats.gov.cn/sj/ndsj/2021/html/C02-05.jpg
CN-HA,2014,96450000,NBS,2014-12-31,https://www.stats.gov.cn/sj/ndsj/2021/html/C02-05.jpg
CN-HA,2015,97010000,NBS,2015-12-31,https://www.stats.gov.cn/sj/ndsj/2025/html/C02-05.jpg
CN-HA,2016,97780000,NBS,2016-12-31,https://www.stats.gov.cn/sj/ndsj/2025/html/C02-05.jpg
CN-HA,2017,98290000,NBS,2017-12-31,https://www.stats.gov.cn/sj/ndsj/2025/html/C02-05.jpg
CN-HA,2018,98640000,NBS,2018-12-31,https://www.stats.gov.cn/sj/ndsj/2025/html/C02-05.jpg
CN-HA,2019,99010000,NBS,2019-12-31,https://www.stats.gov.cn/sj/ndsj/2025/html/C02-05.jpg
CN-HA,2020,99410000,NBS,2020-12-31,https://www.stats.gov.cn/sj/ndsj/2025/html/C02-05.jpg
CN-HA,2021,98830000,NBS,2021-12-31,https://www.stats.gov.cn/sj/ndsj/2025/html/C02-05.jpg
CN-HA,2022,98720000,NBS,2022-12-31,https://www.stats.gov.cn/sj/ndsj/2025/html/C02-05.jpg
CN-HA,2023,98150000,NBS,2023-12-31,https://www.stats.gov.cn/sj/ndsj/2025/html/C02-05.jpg
CN-HA,2024,97850000,NBS,2024-12-31,https://www.stats.gov.cn/sj/ndsj/2025/html/C02-05.jpg
CN-HB,2000,56460000,NBS,2000-12-31,https://www.stats.gov.cn/sj/ndsj/2012/html/D0304C.xls
CN-HB,2001,56580000,NBS,2001-12-31,https://www.stats.gov.cn/sj/ndsj/2012/html/D0304C.xls
CN-HB,2002,56720000,NBS,2002-12-31,https://www.stats.gov.cn/sj/ndsj/2014/zk/html/Z0205C.xls
CN-HB,2003,56850000,NBS,2003-12-31,https://www.stats.gov.cn/sj/ndsj/2014/zk/html/Z0205C.xls
CN-HB,2004,56980000,NBS,2004-12-31,https://www.stats.gov.cn/sj/ndsj/2014/zk/html/Z0205C.xls
CN-HB,2005,57100000,NBS,2005-12-31,https://www.stats.gov.cn/sj/ndsj/2014/zk/html/Z0205C.xls
CN-HB,2006,56930000,NBS,2006-12-31,https://www.stats.gov.cn/sj/ndsj/2014/zk/html/Z0205C.xls
CN-HB,2007,56990000,NBS,2007-12-31,https://www.stats.gov.cn/sj/ndsj/2014/zk/html/Z0205C.xls
CN-HB,2008,57110000,NBS,2008-12-31,https://www.stats.gov.cn/sj/ndsj/2014/zk/html/Z0205C.xls
CN-HB,2009,57200000,NBS,2009-12-31,https://www.stats.gov.cn/sj/ndsj/2014/zk/html/Z0205C.xls
CN-HB,2010,57279143,NBS,2010-12-31,https://www.stats.gov.cn/sj/ndsj/2014/zk/html/Z0205C.xls
CN-HB,2011,57600000,NBS,2011-12-31,https://www.stats.gov.cn/sj/ndsj/2021/html/C02-05.jpg
CN-HB,2012,57810000,NBS,2012-12-31,https://www.stats.gov.cn/sj/ndsj/2021/html/C02-05.jpg
CN-HB,2013,57980000,NBS,2013-12-31,https://www.stats.gov.cn/sj/ndsj/2021/html/C02-05.jpg
CN-HB,2014,58160000,NBS,2014-12-31,https://www.stats.gov.cn/sj/ndsj/2021/html/C02-05.jpg
CN-HB,2015,58500000,NBS,2015-12-31,https://www.stats.gov.cn/sj/ndsj/2025/html/C02-05.jpg
CN-HB,2016,58850000,NBS,2016-12-31,https://www.stats.gov.cn/sj/ndsj/2025/html/C02-05.jpg
CN-HB,2017,59040000,NBS,2017-12-31,https://www.stats.gov.cn/sj/ndsj/2025/html/C02-05.jpg
CN-HB,2018,59170000,NBS,2018-12-31,https://www.stats.gov.cn/sj/ndsj/2025/html/C02-05.jpg
CN-HB,2019,59270000,NBS,2019-12-31,https://www.stats.gov.cn/sj/ndsj/2025/html/C02-05.jpg
CN-HB,2020,57450000,NBS,2020-12-31,https://www.stats.gov.cn/sj/ndsj/2025/html/C02-05.jpg
CN-HB,2021,58300000,NBS,2021-12-31,https://www.stats.gov.cn/sj/ndsj/2025/html/C02-05.jpg
CN-HB,2022,58440000,NBS,2022-12-31,https://www.stats.gov.cn/sj/ndsj/2025/html/C02-05.jpg
CN-HB,2023,58380000,NBS,2023-12-31,https://www.stats.gov.cn/sj/ndsj/2025/html/C02-05.jpg
CN-HB,2024,58340000,NBS,2024-12-31,https://www.stats.gov.cn/sj/ndsj/2025/html/C02-05.jpg
CN-HE,2000,66740000,NBS,2000-12-31,https://www.stats.gov.cn/sj/ndsj/2012/html/D0304C.xls
CN-HE,2001,66991300,NBS,2001-12-31,https://www.stats.gov.cn/sj/ndsj/2012/html/D0304C.xls
CN-HE,2002,67350000,NBS,2002-12-31,https://www.stats.gov.cn/sj/ndsj/2014/zk/html/Z0205C.xls
CN-HE,2003,67690000,NBS,2003-12-31,https://www.stats.gov.cn/sj/ndsj/2014/zk/html/Z0205C.xls
CN-HE,2004,68090000,NBS,2004-12-31,https://www.stats.gov.cn/sj/ndsj/2014/zk/html/Z0205C.xls
CN-HE,2005,68508300,NBS,2005-12-31,https://www.stats.gov.cn/sj/ndsj/2014/zk/html/Z0205C.xls
CN-HE,2006,68978600,NBS,2006-12-31,https://www.stats.gov.cn/sj/ndsj/2014/zk/html/Z0205C.xls
CN-HE,2007,69431900,NBS,2007-12-31,https://www.stats.gov.cn/sj/ndsj/2014/zk/html/Z0205C.xls
CN-HE,2008,69888200,NBS,2008-12-31,https://www.stats.gov.cn/sj/ndsj/2014/zk/html/Z0205C.xls
CN-HE,2009,70344000,NBS,2009-12-31,https://www.stats.gov.cn/sj/ndsj/2014/zk/html/Z0205C.xls
CN-HE,2010,71936000,NBS,2010-12-31,https://www.stats.gov.cn/sj/ndsj/2014/zk/html/Z0205C.xls
CN-HE,2011,72320000,NBS,2011-12-31,https://www.stats.gov.cn/sj/ndsj/2021/html/C02-05.jpg
CN-HE,2012,72620000,NBS,2012-12-31,https://www.stats.gov.cn/sj/ndsj/2021/html/C02-05.jpg
CN-HE,2013,72880000,NBS,2013-12-31,https://www.stats.gov.cn/sj/ndsj/2021/html/C02-05.jpg
CN-HE,2014,73230000,NBS,2014-12-31,https://www.stats.gov.cn/sj/ndsj/2021/html/C02-05.jpg
CN-HE,2015,73450000,NBS,2015-12-31,https://www.stats.gov.cn/sj/ndsj/2025/html/C02-05.jpg
CN-HE,2016,73750000,NBS,2016-12-31,https://www.stats.gov.cn/sj/ndsj/2025/html/C02-05.jpg
CN-HE,2017,74090000,NBS,2017-12-31,https://www.stats.gov.cn/sj/ndsj/2025/html/C02-05.jpg
CN-HE,2018,74260000,NBS,2018-12-31,https://www.stats.gov.cn/sj/ndsj/2025/html/C02-05.jpg
CN-HE,2019,74470000,NBS,2019-12-31,https://www.stats.gov.cn/sj/ndsj/2025/html/C02-05.jpg
CN-HE,2020,74640000,NBS,2020-12-31,https://www.stats.gov.cn/sj/ndsj/2025/html/C02-05.jpg
CN-HE,2021,74480000,NBS,2021-12-31,https://www.stats.gov.cn/sj/ndsj/2025/html/C02-05.jpg
CN-HE,2022,74200000,NBS,2022-12-31,https://www.stats.gov.cn/sj/ndsj/2025/html/C02-05.jpg
CN-HE,2023,73930000,NBS,2023-12-31,https://www.stats.gov.cn/sj/ndsj/2025/html/C02-05.jpg
CN-HE,2024,73780000,NBS,2024-12-31,https://www.stats.gov.cn/sj/ndsj/2025/html/C02-05.jpg
CN-HI,2000,7890000,NBS,2000-12-31,https://www.stats.gov.cn/sj/ndsj/2012/html/D0304C.xls
CN-HI,2001,7955500,NBS,2001-12-31,https://www.stats.gov.cn/sj/ndsj/2012/html/D0304C.xls
CN-HI,2002,8030000,NBS,2002-12-31,https://www.stats.gov.cn/sj/ndsj/2014/zk/html/Z0205C.xls
CN-HI,2003,8110000,NBS,2003-12-31,https://www.stats.gov.cn/sj/ndsj/2014/zk/html/Z0205C.xls
CN-HI,2004,8180000,NBS,2004-12-31,https://www.stats.gov.cn/sj/ndsj/2014/zk/html/Z0205C.xls
CN-HI,2005,8280000,NBS,2005-12-31,https://www.stats.gov.cn/sj/ndsj/2014/zk/html/Z0205C.xls
CN-HI,2006,8358800,NBS,2006-12-31,https://www.stats.gov.cn/sj/ndsj/2014/zk/html/Z0205C.xls
CN-HI,2007,8450300,NBS,2007-12-31,https://www.stats.gov.cn/sj/ndsj/2014/zk/html/Z0205C.xls
CN-HI,2008,8541800,NBS,2008-12-31,https://www.stats.gov.cn/sj/ndsj/2014/zk/html/Z0205C.xls
CN-HI,2009,8640700,NBS,2009-12-31,https://www.stats.gov.cn/sj/ndsj/2014/zk/html/Z0205C.xls
CN-HI,2010,8685500,NBS,2010-12-31,https://www.stats.gov.cn/sj/ndsj/2014/zk/html/Z0205C.xls
CN-HI,2011,8900000,NBS,2011-12-31,https://www.stats.gov.cn/sj/ndsj/2021/html/C02-05.jpg
CN-HI,2012,9100000,NBS,2012-12-31,https://www.stats.gov.cn/sj/ndsj/2021/html/C02-05.jpg
CN-HI,2013,9200000,NBS,2013-12-31,https://www.stats.gov.cn/sj/ndsj/2021/html/C02-05.jpg
CN-HI,2014,9360000,NBS,2014-12-31,https://www.stats.gov.cn/sj/ndsj/2021/html/C02-05.jpg
CN-HI,2015,9450000,NBS,2015-12-31,https://www.stats.gov.cn/sj/ndsj/2025/html/C02-05.jpg
CN-HI,2016,9570000,NBS,2016-12-31,https://www.stats.gov.cn/sj/ndsj/2025/html/C02-05.jpg
CN-HI,2017,9720000,NBS,2017-12-31,https://www.stats.gov.cn/sj/ndsj/2025/html/C02-05.jpg
CN-HI,2018,9820000,NBS,2018-12-31,https://www.stats.gov.cn/sj/ndsj/2025/html/C02-05.jpg
CN-HI,2019,9950000,NBS,2019-12-31,https://www.stats.gov.cn/sj/ndsj/2025/html/C02-05.jpg
CN-HI,2020,10120000,NBS,2020-12-31,https://www.stats.gov.cn/sj/ndsj/2025/html/C02-05.jpg
CN-HI,2021,10200000,NBS,2021-12-31,https://www.stats.gov.cn/sj/ndsj/2025/html/C02-05.jpg
CN-HI,2022,10270000,NBS,2022-12-31,https://www.stats.gov.cn/sj/ndsj/2025/html/C02-05.jpg
CN-HI,2023,10430000,NBS,2023-12-31,https://www.stats.gov.cn/sj/ndsj/2025/html/C02-05.jpg
CN-HI,2024,10480000,NBS,2024-12-31,https://www.stats.gov.cn/sj/ndsj/2025/html/C02-05.jpg
CN-HL,2000,38070000,NBS,2000-12-31,https://www.stats.gov.cn/sj/ndsj/2012/html/D0304C.xls
CN-HL,2001,38110000,NBS,2001-12-31,https://www.stats.gov.cn/sj/ndsj/2012/html/D0304C.xls
CN-HL,2002,38130000,NBS,2002-12-31,https://www.stats.gov.cn/sj/ndsj/2014/zk/html/Z0205C.xls
CN-HL,2003,38150000,NBS,2003-12-31,https://www.stats.gov.cn/sj/ndsj/2014/zk/html/Z0205C.xls
CN-HL,2004,38170000,NBS,2004-12-31,https://www.stats.gov.cn/sj/ndsj/2014/zk/html/Z0205C.xls
CN-HL,2005,38199500,NBS,2005-12-31,https://www.stats.gov.cn/sj/ndsj/2014/zk/html/Z0205C.xls
CN-HL,2006,38230100,NBS,2006-12-31,https://www.stats.gov.cn/sj/ndsj/2014/zk/html/Z0205C.xls
CN-HL,2007,38240300,NBS,2007-12-31,https://www.stats.gov.cn/sj/ndsj/2014/zk/html/Z0205C.xls
CN-HL,2008,38250400,NBS,2008-12-31,https://www.stats.gov.cn/sj/ndsj/2014/zk/html/Z0205C.xls
CN-HL,2009,38260100,NBS,2009-12-31,https://www.stats.gov.cn/sj/ndsj/2014/zk/html/Z0205C.xls
CN-HL,2010,38333500,NBS,2010-12-31,https://www.stats.gov.cn/sj/ndsj/2014/zk/html/Z0205C.xls
CN-HL,2011,37820000,NBS,2011-12-31,https://www.stats.gov.cn/sj/ndsj/2021/html/C02-05.jpg
CN-HL,2012,37240000,NBS,2012-12-31,https://www.stats.gov.cn/sj/ndsj/2021/html/C02-05.jpg
CN-HL,2013,36660000,NBS,2013-12-31,https://www.stats.gov.cn/sj/ndsj/2021/html/C02-05.jpg
CN-HL,2014,36080000,NBS,2014-12-31,https://www.stats.gov.cn/sj/ndsj/2021/html/C02-05.jpg
CN-HL,2015,35290000,NBS,2015-12-31,https://www.stats.gov.cn/sj/ndsj/2025/html/C02-05.jpg
CN-HL,2016,34630000,NBS,2016-12-31,https://www.stats.gov.cn/sj/ndsj/2025/html/C02-05.jpg
CN-HL,2017,33990000,NBS,2017-12-31,https://www.stats.gov.cn/sj/ndsj/2025/html/C02-05.jpg
CN-HL,2018,33270000,NBS,2018-12-31,https://www.stats.gov.cn/sj/ndsj/2025/html/C02-05.jpg
CN-HL,2019,32550000,NBS,2019-12-31,https://www.stats.gov.cn/sj/ndsj/2025/html/C02-05.jpg
CN-HL,2020,31710000,NBS,2020-12-31,https://www.stats.gov.cn/sj/ndsj/2025/html/C02-05.jpg
CN-HL,2021,31250000,NBS,2021-12-31,https://www.stats.gov.cn/sj/ndsj/2025/html/C02-05.jpg
CN-HL,2022,30990000,NBS,2022-12-31,https://www.stats.gov.cn/sj/ndsj/2025/html/C02-05.jpg
CN-HL,2023,30620000,NBS,2023-12-31,https://www.stats.gov.cn/sj/ndsj/2025/html/C02-05.jpg
CN-HL,2024,30290000,NBS,2024-12-31,https://www.stats.gov.cn/sj/ndsj/2025/html/C02-05.jpg
CN-HN,2000,65620000,NBS,2000-12-31,https://www.stats.gov.cn/sj/ndsj/2012/html/D0304C.xls
CN-HN,2001,65958500,NBS,2001-12-31,https://www.stats.gov.cn/sj/ndsj/2012/html/D0304C.xls
CN-HN,2002,66290000,NBS,2002-12-31,https://www.stats.gov.cn/sj/ndsj/2014/zk/html/Z0205C.xls
CN-HN,2003,66630000,NBS,2003-12-31,https://www.stats.gov.cn/sj/ndsj/2014/zk/html/Z0205C.xls
CN-HN,2004,66980000,NBS,2004-12-31,https://www.stats.gov.cn/sj/ndsj/2014/zk/html/Z0205C.xls
CN-HN,2005,63260000,NBS,2005-12-31,https://www.stats.gov.cn/sj/ndsj/2014/zk/html/Z0205C.xls
CN-HN,2006,63420000,NBS,2006-12-31,https://www.stats.gov.cn/sj/ndsj/2014/zk/html/Z0205C.xls
CN-HN,2007,63550000,NBS,2007-12-31,https://www.stats.gov.cn/sj/ndsj/2014/zk/html/Z0205C.xls
CN-HN,2008,63800000,NBS,2008-12-31,https://www.stats.gov.cn/sj/ndsj/2014/zk/html/Z0205C.xls
CN-HN,2009,64060000,NBS,2009-12-31,https://www.stats.gov.cn/sj/ndsj/2014/zk/html/Z0205C.xls
CN-HN,2010,65701000,NBS,2010-12-31,https://www.stats.gov.cn/sj/ndsj/2014/zk/html/Z0205C.xls
CN-HN,2011,65810000,NBS,2011-12-31,https://www.stats.gov.cn/sj/ndsj/2021/html/C02-05.jpg
CN-HN,2012,65900000,NBS,2012-12-31,https://www.stats.gov.cn/sj/ndsj/2021/html/C02-05.jpg
CN-HN,2013,66000000,NBS,2013-12-31,https://www.stats.gov.cn/sj/ndsj/2021/html/C02-05.jpg
CN-HN,2014,66110000,NBS,2014-12-31,https://www.stats.gov.cn/sj/ndsj/2021/html/C02-05.jpg
CN-HN,2015,66150000,NBS,2015-12-31,https://www.stats.gov.cn/sj/ndsj/2025/html/C02-05.jpg
CN-HN,2016,66250000,NBS,2016-12-31,https://www.stats.gov.cn/sj/ndsj/2025/html/C02-05.jpg
CN-HN,2017,66330000,NBS,2017-12-31,https://www.stats.gov.cn/sj/ndsj/2025/html/C02-05.jpg
CN-HN,2018,66350000,NBS,2018-12-31,https://www.stats.gov.cn/sj/ndsj/2025/html/C02-05.jpg
CN-HN,2019,66400000,NBS,2019-12-31,https://www.stats.gov.cn/sj/ndsj/2025/html/C02-05.jpg
CN-HN,2020,66450000,NBS,2020-12-31,https://www.stats.gov.cn/sj/ndsj/2025/html/C02-05.jpg
CN-HN,2021,66220000,NBS,2021-12-31,https://www.stats.gov.cn/sj/ndsj/2025/html/C02-05.jpg
CN-HN,2022,66040000,NBS,2022-12-31,https://www.stats.gov.cn/sj/ndsj/2025/html/C02-05.jpg
CN-HN,2023,65680000,NBS,2023-12-31,https://www.stats.gov.cn/sj/ndsj/2025/html/C02-05.jpg
CN-HN,2024,65390000,NBS,2024-12-31,https://www.stats.gov.cn/sj/ndsj/2025/html/C02-05.jpg
CN-JL,2000,26820000,NBS,2000-12-31,https://www.stats.gov.cn/sj/ndsj/2012/html/D0304C.xls
CN-JL,2001,26908000,NBS,2001-12-31,https://www.stats.gov.cn/sj/ndsj/2012/html/D0304C.xls
CN-JL,2002,26990000,NBS,2002-12-31,https://www.stats.gov.cn/sj/ndsj/2014/zk/html/Z0205C.xls
CN-JL,2003,27040000,NBS,2003-12-31,https://www.stats.gov.cn/sj/ndsj/2014/zk/html/Z0205C.xls
CN-JL,2004,27090000,NBS,2004-12-31,https://www.stats.gov.cn/sj/ndsj/2014/zk/html/Z0205C.xls
CN-JL,2005,27160000,NBS,2005-12-31,https://www.stats.gov.cn/sj/ndsj/2014/zk/html/Z0205C.xls
CN-JL,2006,27230000,NBS,2006-12-31,https://www.stats.gov.cn/sj/ndsj/2014/zk/html/Z0205C.xls
CN-JL,2007,27298200,NBS,2007-12-31,https://www.stats.gov.cn/sj/ndsj/2014/zk/html/Z0205C.xls
CN-JL,2008,27342100,NBS,2008-12-31,https://www.stats.gov.cn/sj/ndsj/2014/zk/html/Z0205C.xls
CN-JL,2009,27395500,NBS,2009-12-31,https://www.stats.gov.cn/sj/ndsj/2014/zk/html/Z0205C.xls
CN-JL,2010,27466000,NBS,2010-12-31,https://www.stats.gov.cn/sj/ndsj/2014/zk/html/Z0205C.xls
CN-JL,2011,27250000,NBS,2011-12-31,https://www.stats.gov.cn/sj/ndsj/2021/html/C02-05.jpg
CN-JL,2012,26980000,NBS,2012-12-31,https://www.stats.gov.cn/sj/ndsj/2021/html/C02-05.jpg
CN-JL,2013,26680000,NBS,2013-12-31,https://www.stats.gov.cn/sj/ndsj/2021/html/C02-05.jpg
CN-JL,2014,26420000,NBS,2014-12-31,https://www.stats.gov.cn/sj/ndsj/2021/html/C02-05.jpg
CN-JL,2015,26130000,NBS,2015-12-31,https://www.stats.gov.cn/sj/ndsj/2025/html/C02-05.jpg
CN-JL,2016,25670000,NBS,2016-12-31,https://www.stats.gov.cn/sj/ndsj/2025/html/C02-05.jpg
CN-JL,2017,25260000,NBS,2017-12-31,https://www.stats.gov.cn/sj/ndsj/2025/html/C02-05.jpg
CN-JL,2018,24840000,NBS,2018-12-31,https://www.stats.gov.cn/sj/ndsj/2025/html/C02-05.jpg
CN-JL,2019,24480000,NBS,2019-12-31,https://www.stats.gov.cn/sj/ndsj/2025/html/C02-05.jpg
CN-JL,2020,23990000,NBS,2020-12-31,https://www.stats.gov.cn/sj/ndsj/2025/html/C02-05.jpg
CN-JL,2021,23750000,NBS,2021-12-31,https://www.stats.gov.cn/sj/ndsj/2025/html/C02-05.jpg
CN-JL,2022,23480000,NBS,2022-12-31,https://www.stats.gov.cn/sj/ndsj/2025/html/C02-05.jpg
CN-JL,2023,23390000,NBS,2023-12-31,https://www.stats.gov.cn/sj/ndsj/2025/html/C02-05.jpg
CN-JL,2024,23170000,NBS,2024-12-31,https://www.stats.gov.cn/sj/ndsj/2025/html/C02-05.jpg
CN-JS,2000,73270000,NBS,2000-12-31,https://www.stats.gov.cn/sj/ndsj/2012/html/D0304C.xls
CN-JS,2001,73590000,NBS,2001-12-31,https://www.stats.gov.cn/sj/ndsj/2012/html/D0304C.xls
CN-JS,2002,74060000,NBS,2002-12-31,https://www.stats.gov.cn/sj/ndsj/2014/zk/html/Z0205C.xls
CN-JS,2003,74580000,NBS,2003-12-31,https://www.stats.gov.cn/sj/ndsj/2014/zk/html/Z0205C.xls
CN-JS,2004,75230000,NBS,2004-12-31,https://www.stats.gov.cn/sj/ndsj/2014/zk/html/Z0205C.xls
CN-JS,2005,75882383,NBS,2005-12-31,https://www.stats.gov.cn/sj/ndsj/2014/zk/html/Z0205C.xls
CN-JS,2006,76556640,NBS,2006-12-31,https://www.stats.gov.cn/sj/ndsj/2014/zk/html/Z0205C.xls
CN-JS,2007,77231280,NBS,2007-12-31,https://www.stats.gov.cn/sj/ndsj/2014/zk/html/Z0205C.xls
CN-JS,2008,77624820,NBS,2008-12-31,https://www.stats.gov.cn/sj/ndsj/2014/zk/html/Z0205C.xls
CN-JS,2009,78102690,NBS,2009-12-31,https://www.stats.gov.cn/sj/ndsj/2014/zk/html/Z0205C.xls
CN-JS,2010,78693400,NBS,2010-12-31,https://www.stats.gov.cn/sj/ndsj/2014/zk/html/Z0205C.xls
CN-JS,2011,80230000,NBS,2011-12-31,https://www.stats.gov.cn/sj/ndsj/2021/html/C02-05.jpg
CN-JS,2012,81200000,NBS,2012-12-31,https://www.stats.gov.cn/sj/ndsj/2021/html/C02-05.jpg
CN-JS,2013,81920000,NBS,2013-12-31,https://www.stats.gov.cn/sj/ndsj/2021/html/C02-05.jpg
CN-JS,2014,82810000,NBS,2014-12-31,https://www.stats.gov.cn/sj/ndsj/2021/html/C02-05.jpg
CN-JS,2015,83150000,NBS,2015-12-31,https://www.stats.gov.cn/sj/ndsj/2025/html/C02-05.jpg
CN-JS,2016,83810000,NBS,2016-12-31,https://www.stats.gov.cn/sj/ndsj/2025/html/C02-05.jpg
CN-JS,2017,84230000,NBS,2017-12-31,https://www.stats.gov.cn/sj/ndsj/2025/html/C02-05.jpg
CN-JS,2018,84460000,NBS,2018-12-31,https://www.stats.gov.cn/sj/ndsj/2025/html/C02-05.jpg
CN-JS,2019,84690000,NBS,2019-12-31,https://www.stats.gov.cn/sj/ndsj/2025/html/C02-05.jpg
CN-JS,2020,84770000,NBS,2020-12-31,https://www.stats.gov.cn/sj/ndsj/2025/html/C02-05.jpg
CN-JS,2021,85050000,NBS,2021-12-31,https://www.stats.gov.cn/sj/ndsj/2025/html/C02-05.jpg
CN-JS,2022,85150000,NBS,2022-12-31,https://www.stats.gov.cn/sj/ndsj/2025/html/C02-05.jpg
CN-JS,2023,85260000,NBS,2023-12-31,https://www.stats.gov.cn/sj/ndsj/2025/html/C02-05.jpg
CN-JS,2024,85260000,NBS,2024-12-31,https://www.stats.gov.cn/sj/ndsj/2025/html/C02-05.jpg
CN-JX,2000,41490000,NBS,2000-12-31,https://www.stats.gov.cn/sj/ndsj/2012/html/D0304C.xls
CN-JX,2001,41857700,NBS,2001-12-31,https://www.stats.gov.cn/sj/ndsj/2012/html/D0304C.xls
CN-JX,2002,42220000,NBS,2002-12-31,https://www.stats.gov.cn/sj/ndsj/2014/zk/html/Z0205C.xls
CN-JX,2003,42540000,NBS,2003-12-31,https://www.stats.gov.cn/sj/ndsj/2014/zk/html/Z0205C.xls
CN-JX,2004,42840000,NBS,2004-12-31,https://www.stats.gov.cn/sj/ndsj/2014/zk/html/Z0205C.xls
CN-JX,2005,43112439,NBS,2005-12-31,https://www.stats.gov.cn/sj/ndsj/2014/zk/html/Z0205C.xls
CN-JX,2006,43391287,NBS,2006-12-31,https://www.stats.gov.cn/sj/ndsj/2014/zk/html/Z0205C.xls
CN-JX,2007,43684125,NBS,2007-12-31,https://www.stats.gov.cn/sj/ndsj/2014/zk/html/Z0205C.xls
CN-JX,2008,44001038,NBS,2008-12-31,https://www.stats.gov.cn/sj/ndsj/2014/zk/html/Z0205C.xls
CN-JX,2009,44321581,NBS,2009-12-31,https://www.stats.gov.cn/sj/ndsj/2014/zk/html/Z0205C.xls
CN-JX,2010,44622489,NBS,2010-12-31,https://www.stats.gov.cn/sj/ndsj/2014/zk/html/Z0205C.xls
CN-JX,2011,44740000,NBS,2011-12-31,https://www.stats.gov.cn/sj/ndsj/2021/html/C02-05.jpg
CN-JX,2012,44750000,NBS,2012-12-31,https://www.stats.gov.cn/sj/ndsj/2021/html/C02-05.jpg
CN-JX,2013,44760000,NBS,2013-12-31,https://www.stats.gov.cn/sj/ndsj/2021/html/C02-05.jpg
CN-JX,2014,44800000,NBS,2014-12-31,https://www.stats.gov.cn/sj/ndsj/2021/html/C02-05.jpg
CN-JX,2015,44850000,NBS,2015-12-31,https://www.stats.gov.cn/sj/ndsj/2025/html/C02-05.jpg
CN-JX,2016,44960000,NBS,2016-12-31,https://www.stats.gov.cn/sj/ndsj/2025/html/C02-05.jpg
CN-JX,2017,45110000,NBS,2017-12-31,https://www.stats.gov.cn/sj/ndsj/2025/html/C02-05.jpg
CN-JX,2018,45130000,NBS,2018-12-31,https://www.stats.gov.cn/sj/ndsj/2025/html/C02-05.jpg
CN-JX,2019,45160000,NBS,2019-12-31,https://www.stats.gov.cn/sj/ndsj/2025/html/C02-05.jpg
CN-JX,2020,45190000,NBS,2020-12-31,https://www.stats.gov.cn/sj/ndsj/2025/html/C02-05.jpg
CN-JX,2021,45170000,NBS,2021-12-31,https://www.stats.gov.cn/sj/ndsj/2025/html/C02-05.jpg
CN-JX,2022,45280000,NBS,2022-12-31,https://www.stats.gov.cn/sj/ndsj/2025/html/C02-05.jpg
CN-JX,2023,45150000,NBS,2023-12-31,https://www.stats.gov.cn/sj/ndsj/2025/html/C02-05.jpg
CN-JX,2024,45020000,NBS,2024-12-31,https://www.stats.gov.cn/sj/ndsj/2025/html/C02-05.jpg
CN-LN,2000,41840000,NBS,2000-12-31,https://www.stats.gov.cn/sj/ndsj/2012/html/D0304C.xls
CN-LN,2001,41940000,NBS,2001-12-31,https://www.stats.gov.cn/sj/ndsj/2012/html/D0304C.xls
CN-LN,2002,42030000,NBS,2002-12-31,https://www.stats.gov.cn/sj/ndsj/2014/zk/html/Z0205C.xls
CN-LN,2003,42100000,NBS,2003-12-31,https://www.stats.gov.cn/sj/ndsj/2014/zk/html/Z0205C.xls
CN-LN,2004,42170000,NBS,2004-12-31,https://www.stats.gov.cn/sj/ndsj/2014/zk/html/Z0205C.xls
CN-LN,2005,42210000,NBS,2005-12-31,https://www.stats.gov.cn/sj/ndsj/2014/zk/html/Z0205C.xls
CN-LN,2006,42710000,NBS,2006-12-31,https://www.stats.gov.cn/sj/ndsj/2014/zk/html/Z0205C.xls
CN-LN,2007,42980000,NBS,2007-12-31,https://www.stats.gov.cn/sj/ndsj/2014/zk/html/Z0205C.xls
CN-LN,2008,43150000,NBS,2008-12-31,https://www.stats.gov.cn/sj/ndsj/2014/zk/html/Z0205C.xls
CN-LN,2009,43410000,NBS,2009-12-31,https://www.stats.gov.cn/sj/ndsj/2014/zk/html/Z0205C.xls
CN-LN,2010,43750000,NBS,2010-12-31,https://www.stats.gov.cn/sj/ndsj/2014/zk/html/Z0205C.xls
CN-LN,2011,43790000,NBS,2011-12-31,https://www.stats.gov.cn/sj/ndsj/2021/html/C02-05.jpg
CN-LN,2012,43750000,NBS,2012-12-31,https://www.stats.gov.cn/sj/ndsj/2021/html/C02-05.jpg
CN-LN,2013,43650000,NBS,2013-12-31,https://www.stats.gov.cn/sj/ndsj/2021/html/C02-05.jpg
CN-LN,2014,43580000,NBS,2014-12-31,https://www.stats.gov.cn/sj/ndsj/2021/html/C02-05.jpg
CN-LN,2015,43380000,NBS,2015-12-31,https://www.stats.gov.cn/sj/ndsj/2025/html/C02-05.jpg
CN-LN,2016,43270000,NBS,2016-12-31,https://www.stats.gov.cn/sj/ndsj/2025/html/C02-05.jpg
CN-LN,2017,43120000,NBS,2017-12-31,https://www.stats.gov.cn/sj/ndsj/2025/html/C02-05.jpg
CN-LN,2018,42910000,NBS,2018-12-31,https://www.stats.gov.cn/sj/ndsj/2025/html/C02-05.jpg
CN-LN,2019,42770000,NBS,2019-12-31,https://www.stats.gov.cn/sj/ndsj/2025/html/C02-05.jpg
CN-LN,2020,42550000,NBS,2020-12-31,https://www.stats.gov.cn/sj/ndsj/2025/html/C02-05.jpg
CN-LN,2021,42290000,NBS,2021-12-31,https://www.stats.gov.cn/sj/ndsj/2025/html/C02-05.jpg
CN-LN,2022,41970000,NBS,2022-12-31,https://www.stats.gov.cn/sj/ndsj/2025/html/C02-05.jpg
CN-LN,2023,41820000,NBS,2023-12-31,https://www.stats.gov.cn/sj/ndsj/2025/html/C02-05.jpg
CN-LN,2024,41550000,NBS,2024-12-31,https://www.stats.gov.cn/sj/ndsj/2025/html/C02-05.jpg
CN-NM,2000,23720000,NBS,2000-12-31,https://www.stats.gov.cn/sj/ndsj/2012/html/D0304C.xls
CN-NM,2001,23814541,NBS,2001-12-31,https://www.stats.gov.cn/sj/ndsj/2012/html/D0304C.xls
CN-NM,2002,23840544,NBS,2002-12-31,https://www.stats.gov.cn/sj/ndsj/2014/zk/html/Z0205C.xls
CN-NM,2003,23857765,NBS,2003-12-31,https://www.stats.gov.cn/sj/ndsj/2014/zk/html/Z0205C.xls
CN-NM,2004,23926647,NBS,2004-12-31,https://www.stats.gov.cn/sj/ndsj/2014/zk/html/Z0205C.xls
CN-NM,2005,24031100,NBS,2005-12-31,https://www.stats.gov.cn/sj/ndsj/2014/zk/html/Z0205C.xls
CN-NM,2006,24150500,NBS,2006-12-31,https://www.stats.gov.cn/sj/ndsj/2014/zk/html/Z0205C.xls
CN-NM,2007,24288300,NBS,2007-12-31,https://www.stats.gov.cn/sj/ndsj/2014/zk/html/Z0205C.xls
CN-NM,2008,24443300,NBS,2008-12-31,https://www.stats.gov.cn/sj/ndsj/2014/zk/html/Z0205C.xls
CN-NM,2009,24582200,NBS,2009-12-31,https://www.stats.gov.cn/sj/ndsj/2014/zk/html/Z0205C.xls
CN-NM,2010,24721800,NBS,2010-12-31,https://www.stats.gov.cn/sj/ndsj/2014/zk/html/Z0205C.xls
CN-NM,2011,24700000,NBS,2011-12-31,https://www.stats.gov.cn/sj/ndsj/2021/html/C02-05.jpg
CN-NM,2012,24640000,NBS,2012-12-31,https://www.stats.gov.cn/sj/ndsj/2021/html/C02-05.jpg
CN-NM,2013,24550000,NBS,2013-12-31,https://www.stats.gov.cn/sj/ndsj/2021/html/C02-05.jpg
CN-NM,2014,24490000,NBS,2014-12-31,https://www.stats.gov.cn/sj/ndsj/2021/html/C02-05.jpg
CN-NM,2015,24400000,NBS,2015-12-31,https://www.stats.gov.cn/sj/ndsj/2025/html/C02-05.jpg
CN-NM,2016,24360000,NBS,2016-12-31,https://www.stats.gov.cn/sj/ndsj/2025/html/C02-05.jpg
CN-NM,2017,24330000,NBS,2017-12-31,https://www.stats.gov.cn/sj/ndsj/2025/html/C02-05.jpg
CN-NM,2018,24220000,NBS,2018-12-31,https://www.stats.gov.cn/sj/ndsj/2025/html/C02-05.jpg
CN-NM,2019,24150000,NBS,2019-12-31,https://www.stats.gov.cn/sj/ndsj/2025/html/C02-05.jpg
CN-NM,2020,24030000,NBS,2020-12-31,https://www.stats.gov.cn/sj/ndsj/2025/html/C02-05.jpg
CN-NM,2021,24000000,NBS,2021-12-31,https://www.stats.gov.cn/sj/ndsj/2025/html/C02-05.jpg
CN-NM,2022,24010000,NBS,2022-12-31,https://www.stats.gov.cn/sj/ndsj/2025/html/C02-05.jpg
CN-NM,2023,23960000,NBS,2023-12-31,https://www.stats.gov.cn/sj/ndsj/2025/html/C02-05.jpg
CN-NM,2024,23880000,NBS,2024-12-31,https://www.stats.gov.cn/sj/ndsj/2025/html/C02-05.jpg
CN-NX,2000,5540000,NBS,2000-12-31,https://www.stats.gov.cn/sj/ndsj/2012/html/D0304C.xls
CN-NX,2001,5630000,NBS,2001-12-31,https://www.stats.gov.cn/sj/ndsj/2012/html/D0304C.xls
CN-NX,2002,5720000,NBS,2002-12-31,https://www.stats.gov.cn/sj/ndsj/2014/zk/html/Z0205C.xls
CN-NX,2003,5800000,NBS,2003-12-31,https://www.stats.gov.cn/sj/ndsj/2014/zk/html/Z0205C.xls
CN-NX,2004,5880000,NBS,2004-12-31,https://www.stats.gov.cn/sj/ndsj/2014/zk/html/Z0205C.xls
CN-NX,2005,5962000,NBS,2005-12-31,https://www.stats.gov.cn/sj/ndsj/2014/zk/html/Z0205C.xls
CN-NX,2006,6037300,NBS,2006-12-31,https://www.stats.gov.cn/sj/ndsj/2014/zk/html/Z0205C.xls
CN-NX,2007,6102500,NBS,2007-12-31,https://www.stats.gov.cn/sj/ndsj/2014/zk/html/Z0205C.xls
CN-NX,2008,6176900,NBS,2008-12-31,https://www.stats.gov.cn/sj/ndsj/2014/zk/html/Z0205C.xls
CN-NX,2009,6252000,NBS,2009-12-31,https://www.stats.gov.cn/sj/ndsj/2014/zk/html/Z0205C.xls
CN-NX,2010,6329600,NBS,2010-12-31,https://www.stats.gov.cn/sj/ndsj/2014/zk/html/Z0205C.xls
CN-NX,2011,6480000,NBS,2011-12-31,https://www.stats.gov.cn/sj/ndsj/2021/html/C02-05.jpg
CN-NX,2012,6590000,NBS,2012-12-31,https://www.stats.gov.cn/sj/ndsj/2021/html/C02-05.jpg
CN-NX,2013,6660000,NBS,2013-12-31,https://www.stats.gov.cn/sj/ndsj/2021/html/C02-05.jpg
CN-NX,2014,6780000,NBS,2014-12-31,https://www.stats.gov.cn/sj/ndsj/2021/html/C02-05.jpg
CN-NX,2015,6840000,NBS,2015-12-31,https://www.stats.gov.cn/sj/ndsj/2025/html/C02-05.jpg
CN-NX,2016,6950000,NBS,2016-12-31,https://www.stats.gov.cn/sj/ndsj/2025/html/C02-05.jpg
CN-NX,2017,7050000,NBS,2017-12-31,https://www.stats.gov.cn/sj/ndsj/2025/html/C02-05.jpg
CN-NX,2018,7100000,NBS,2018-12-31,https://www.stats.gov.cn/sj/ndsj/2025/html/C02-05.jpg
CN-NX,2019,7170000,NBS,2019-12-31,https://www.stats.gov.cn/sj/ndsj/2025/html/C02-05.jpg
CN-NX,2020,7210000,NBS,2020-12-31,https://www.stats.gov.cn/sj/ndsj/2025/html/C02-05.jpg
CN-NX,2021,7250000,NBS,2021-12-31,https://www.stats.gov.cn/sj/ndsj/2025/html/C02-05.jpg
CN-NX,2022,7280000,NBS,2022-12-31,https://www.stats.gov.cn/sj/ndsj/2025/html/C02-05.jpg
CN-NX,2023,7290000,NBS,2023-12-31,https://www.stats.gov.cn/sj/ndsj/2025/html/C02-05.jpg
CN-NX,2024,7290000,NBS,2024-12-31,https://www.stats.gov.cn/sj/ndsj/2025/html/C02-05.jpg
CN-QH,2000,5170000,NBS,2000-12-31,https://www.stats.gov.cn/sj/ndsj/2012/html/D0304C.xls
CN-QH,2001,5231000,NBS,2001-12-31,https://www.stats.gov.cn/sj/ndsj/2012/html/D0304C.xls
CN-QH,2002,5290000,NBS,2002-12-31,https://www.stats.gov.cn/sj/ndsj/2014/zk/html/Z0205C.xls
CN-QH,2003,5340000,NBS,2003-12-31,https://www.stats.gov.cn/sj/ndsj/2014/zk/html/Z0205C.xls
CN-QH,2004,5390000,NBS,2004-12-31,https://www.stats.gov.cn/sj/ndsj/2014/zk/html/Z0205C.xls
CN-QH,2005,5432000,NBS,2005-12-31,https://www.stats.gov.cn/sj/ndsj/2014/zk/html/Z0205C.xls
CN-QH,2006,5477000,NBS,2006-12-31,https://www.stats.gov.cn/sj/ndsj/2014/zk/html/Z0205C.xls
CN-QH,2007,5516000,NBS,2007-12-31,https://www.stats.gov.cn/sj/ndsj/2014/zk/html/Z0205C.xls
CN-QH,2008,5543000,NBS,2008-12-31,https://www.stats.gov.cn/sj/ndsj/2014/zk/html/Z0205C.xls
CN-QH,2009,5573000,NBS,2009-12-31,https://www.stats.gov.cn/sj/ndsj/2014/zk/html/Z0205C.xls
CN-QH,2010,5634700,NBS,2010-12-31,https://www.stats.gov.cn/sj/ndsj/2014/zk/html/Z0205C.xls
CN-QH,2011,5680000,NBS,2011-12-31,https://www.stats.gov.cn/sj/ndsj/2021/html/C02-05.jpg
CN-QH,2012,5710000,NBS,2012-12-31,https://www.stats.gov.cn/sj/ndsj/2021/html/C02-05.jpg
CN-QH,2013,5710000,NBS,2013-12-31,https://www.stats.gov.cn/sj/ndsj/2021/html/C02-05.jpg
CN-QH,2014,5760000,NBS,2014-12-31,https://www.stats.gov.cn/sj/ndsj/2021/html/C02-05.jpg
CN-QH,2015,5770000,NBS,2015-12-31,https://www.stats.gov.cn/sj/ndsj/2025/html/C02-05.jpg
CN-QH,2016,5820000,NBS,2016-12-31,https://www.stats.gov.cn/sj/ndsj/2025/html/C02-05.jpg
CN-QH,2017,5860000,NBS,2017-12-31,https://www.stats.gov.cn/sj/ndsj/2025/html/C02-05.jpg
CN-QH,2018,5870000,NBS,2018-12-31,https://www.stats.gov.cn/sj/ndsj/2025/html/C02-05.jpg
CN-QH,2019,5900000,NBS,2019-12-31,https://www.stats.gov.cn/sj/ndsj/2025/html/C02-05.jpg
CN-QH,2020,5930000,NBS,2020-12-31,https://www.stats.gov.cn/sj/ndsj/2025/html/C02-05.jpg
CN-QH,2021,5940000,NBS,2021-12-31,https://www.stats.gov.cn/sj/ndsj/2025/html/C02-05.jpg
CN-QH,2022,5950000,NBS,2022-12-31,https://www.stats.gov.cn/sj/ndsj/2025/html/C02-05.jpg
CN-QH,2023,5940000,NBS,2023-12-31,https://www.stats.gov.cn/sj/ndsj/2025/html/C02-05.jpg
CN-QH,2024,5930000,NBS,2024-12-31,https://www.stats.gov.cn/sj/ndsj/2025/html/C02-05.jpg
CN-SC,2000,83290000,NBS,2000-12-31,https://www.stats.gov.cn/sj/ndsj/2012/html/D0304C.xls
CN-SC,2001,81430000,NBS,2001-12-31,https://www.stats.gov.cn/sj/ndsj/2012/html/D0304C.xls
CN-SC,2002,81100000,NBS,2002-12-31,https://www.stats.gov.cn/sj/ndsj/2014/zk/html/Z0205C.xls
CN-SC,2003,81760000,NBS,2003-12-31,https://www.stats.gov.cn/sj/ndsj/2014/zk/html/Z0205C.xls
CN-SC,2004,80900000,NBS,2004-12-31,https://www.stats.gov.cn/sj/ndsj/2014/zk/html/Z0205C.xls
CN-SC,2005,82120000,NBS,2005-12-31,https://www.stats.gov.cn/sj/ndsj/2014/zk/html/Z0205C.xls
CN-SC,2006,81690000,NBS,2006-12-31,https://www.stats.gov.cn/sj/ndsj/2014/zk/html/Z0205C.xls
CN-SC,2007,81270000,NBS,2007-12-31,https://www.stats.gov.cn/sj/ndsj/2014/zk/html/Z0205C.xls
CN-SC,2008,81380000,NBS,2008-12-31,https://www.stats.gov.cn/sj/ndsj/2014/zk/html/Z0205C.xls
CN-SC,2009,81850000,NBS,2009-12-31,https://www.stats.gov.cn/sj/ndsj/2014/zk/html/Z0205C.xls
CN-SC,2010,80449200,NBS,2010-12-31,https://www.stats.gov.cn/sj/ndsj/2014/zk/html/Z0205C.xls
CN-SC,2011,80640000,NBS,2011-12-31,https://www.stats.gov.cn/sj/ndsj/2021/html/C02-05.jpg
CN-SC,2012,80850000,NBS,2012-12-31,https://www.stats.gov.cn/sj/ndsj/2021/html/C02-05.jpg
CN-SC,2013,81090000,NBS,2013-12-31,https://www.stats.gov.cn/sj/ndsj/2021/html/C02-05.jpg
CN-SC,2014,81390000,NBS,2014-12-31,https://www.stats.gov.cn/sj/ndsj/2021/html/C02-05.jpg
CN-SC,2015,81960000,NBS,2015-12-31,https://www.stats.gov.cn/sj/ndsj/2025/html/C02-05.jpg
CN-SC,2016,82510000,NBS,2016-12-31,https://www.stats.gov.cn/sj/ndsj/2025/html/C02-05.jpg
CN-SC,2017,82890000,NBS,2017-12-31,https://www.stats.gov.cn/sj/ndsj/2025/html/C02-05.jpg
CN-SC,2018,83210000,NBS,2018-12-31,https://www.stats.gov.cn/sj/ndsj/2025/html/C02-05.jpg
CN-SC,2019,83510000,NBS,2019-12-31,https://www.stats.gov.cn/sj/ndsj/2025/html/C02-05.jpg
CN-SC,2020,83710000,NBS,2020-12-31,https://www.stats.gov.cn/sj/ndsj/2025/html/C02-05.jpg
CN-SC,2021,83720000,NBS,2021-12-31,https://www.stats.gov.cn/sj/ndsj/2025/html/C02-05.jpg
CN-SC,2022,83740000,NBS,2022-12-31,https://www.stats.gov.cn/sj/ndsj/2025/html/C02-05.jpg
CN-SC,2023,83680000,NBS,2023-12-31,https://www.stats.gov.cn/sj/ndsj/2025/html/C02-05.jpg
CN-SC,2024,83640000,NBS,2024-12-31,https://www.stats.gov.cn/sj/ndsj/2025/html/C02-05.jpg
CN-SD,2000,89980000,NBS,2000-12-31,https://www.stats.gov.cn/sj/ndsj/2012/html/D0304C.xls
CN-SD,2001,90410000,NBS,2001-12-31,https://www.stats.gov.cn/sj/ndsj/2012/html/D0304C.xls
CN-SD,2002,90820000,NBS,2002-12-31,https://www.stats.gov.cn/sj/ndsj/2014/zk/html/Z0205C.xls
CN-SD,2003,91250000,NBS,2003-12-31,https://www.stats.gov.cn/sj/ndsj/2014/zk/html/Z0205C.xls
CN-SD,2004,91800000,NBS,2004-12-31,https://www.stats.gov.cn/sj/ndsj/2014/zk/html/Z0205C.xls
CN-SD,2005,92481800,NBS,2005-12-31,https://www.stats.gov.cn/sj/ndsj/2014/zk/html/Z0205C.xls
CN-SD,2006,93089000,NBS,2006-12-31,https://www.stats.gov.cn/sj/ndsj/2014/zk/html/Z0205C.xls
CN-SD,2007,93669700,NBS,2007-12-31,https://www.stats.gov.cn/sj/ndsj/2014/zk/html/Z0205C.xls
CN-SD,2008,94172300,NBS,2008-12-31,https://www.stats.gov.cn/sj/ndsj/2014/zk/html/Z0205C.xls
CN-SD,2009,94703000,NBS,2009-12-31,https://www.stats.gov.cn/sj/ndsj/2014/zk/html/Z0205C.xls
CN-SD,2010,95878700,NBS,2010-12-31,https://www.stats.gov.cn/sj/ndsj/2014/zk/html/Z0205C.xls
CN-SD,2011,96650000,NBS,2011-12-31,https://www.stats.gov.cn/sj/ndsj/2021/html/C02-05.jpg
CN-SD,2012,97080000,NBS,2012-12-31,https://www.stats.gov.cn/sj/ndsj/2021/html/C02-05.jpg
CN-SD,2013,97460000,NBS,2013-12-31,https://www.stats.gov.cn/sj/ndsj/2021/html/C02-05.jpg
CN-SD,2014,98080000,NBS,2014-12-31,https://www.stats.gov.cn/sj/ndsj/2021/html/C02-05.jpg
CN-SD,2015,98660000,NBS,2015-12-31,https://www.stats.gov.cn/sj/ndsj/2025/html/C02-05.jpg
CN-SD,2016,99730000,NBS,2016-12-31,https://www.stats.gov.cn/sj/ndsj/2025/html/C02-05.jpg
CN-SD,2017,100330000,NBS,2017-12-31,https://www.stats.gov.cn/sj/ndsj/2025/html/C02-05.jpg
CN-SD,2018,100770000,NBS,2018-12-31,https://www.stats.gov.cn/sj/ndsj/2025/html/C02-05.jpg
CN-SD,2019,101060000,NBS,2019-12-31,https://www.stats.gov.cn/sj/ndsj/2025/html/C02-05.jpg
CN-SD,2020,101650000,NBS,2020-12-31,https://www.stats.gov.cn/sj/ndsj/2025/html/C02-05.jpg
CN-SD,2021,101700000,NBS,2021-12-31,https://www.stats.gov.cn/sj/ndsj/2025/html/C02-05.jpg
CN-SD,2022,101630000,NBS,2022-12-31,https://www.stats.gov.cn/sj/ndsj/2025/html/C02-05.jpg
CN-SD,2023,101230000,NBS,2023-12-31,https://www.stats.gov.cn/sj/ndsj/2025/html/C02-05.jpg
CN-SD,2024,100800000,NBS,2024-12-31,https://www.stats.gov.cn/sj/ndsj/2025/html/C02-05.jpg
CN-SH,2000,16086000,NBS,2000-12-31,https://www.stats.gov.cn/sj/ndsj/2012/html/D0304C.xls
CN-SH,2001,16683300,NBS,2001-12-31,https://www.stats.gov.cn/sj/ndsj/2012/html/D0304C.xls
CN-SH,2002,17129700,NBS,2002-12-31,https://www.stats.gov.cn/sj/ndsj/2014/zk/html/Z0205C.xls
CN-SH,2003,17658400,NBS,2003-12-31,https://www.stats.gov.cn/sj/ndsj/2014/zk/html/Z0205C.xls
CN-SH,2004,18349800,NBS,2004-12-31,https://www.stats.gov.cn/sj/ndsj/2014/zk/html/Z0205C.xls
CN-SH,2005,18902554,NBS,2005-12-31,https://www.stats.gov.cn/sj/ndsj/2014/zk/html/Z0205C.xls
CN-SH,2006,19641092,NBS,2006-12-31,https://www.stats.gov.cn/sj/ndsj/2014/zk/html/Z0205C.xls
CN-SH,2007,20635922,NBS,2007-12-31,https://www.stats.gov.cn/sj/ndsj/2014/zk/html/Z0205C.xls
CN-SH,2008,21406435,NBS,2008-12-31,https://www.stats.gov.cn/sj/ndsj/2014/zk/html/Z0205C.xls
CN-SH,2009,22102841,NBS,2009-12-31,https://www.stats.gov.cn/sj/ndsj/2014/zk/html/Z0205C.xls
CN-SH,2010,23026600,NBS,2010-12-31,https://www.stats.gov.cn/sj/ndsj/2014/zk/html/Z0205C.xls
CN-SH,2011,23560000,NBS,2011-12-31,https://www.stats.gov.cn/sj/ndsj/2021/html/C02-05.jpg
CN-SH,2012,23990000,NBS,2012-12-31,https://www.stats.gov.cn/sj/ndsj/2021/html/C02-05.jpg
CN-SH,2013,24480000,NBS,2013-12-31,https://www.stats.gov.cn/sj/ndsj/2021/html/C02-05.jpg
CN-SH,2014,24670000,NBS,2014-12-31,https://www.stats.gov.cn/sj/ndsj/2021/html/C02-05.jpg
CN-SH,2015,24580000,NBS,2015-12-31,https://www.stats.gov.cn/sj/ndsj/2025/html/C02-05.jpg
CN-SH,2016,24670000,NBS,2016-12-31,https://www.stats.gov.cn/sj/ndsj/2025/html/C02-05.jpg
CN-SH,2017,24660000,NBS,2017-12-31,https://www.stats.gov.cn/sj/ndsj/2025/html/C02-05.jpg
CN-SH,2018,24750000,NBS,2018-12-31,https://www.stats.gov.cn/sj/ndsj/2025/html/C02-05.jpg
CN-SH,2019,24810000,NBS,2019-12-31,https://www.stats.gov.cn/sj/ndsj/2025/html/C02-05.jpg
CN-SH,2020,24880000,NBS,2020-12-31,https://www.stats.gov.cn/sj/ndsj/2025/html/C02-05.jpg
CN-SH,2021,24890000,NBS,2021-12-31,https://www.stats.gov.cn/sj/ndsj/2025/html/C02-05.jpg
CN-SH,2022,24750000,NBS,2022-12-31,https://www.stats.gov.cn/sj/ndsj/2025/html/C02-05.jpg
CN-SH,2023,24870000,NBS,2023-12-31,https://www.stats.gov.cn/sj/ndsj/2025/html/C02-05.jpg
CN-SH,2024,24800000,NBS,2024-12-31,https://www.stats.gov.cn/sj/ndsj/2025/html/C02-05.jpg
CN-SN,2000,36440000,NBS,2000-12-31,https://www.stats.gov.cn/sj/ndsj/2012/html/D0304C.xls
CN-SN,2001,36531437,NBS,2001-12-31,https://www.stats.gov.cn/sj/ndsj/2012/html/D0304C.xls
CN-SN,2002,36622364,NBS,2002-12-31,https://www.stats.gov.cn/sj/ndsj/2014/zk/html/Z0205C.xls
CN-SN,2003,36717441,NBS,2003-12-31,https://www.stats.gov.cn/sj/ndsj/2014/zk/html/Z0205C.xls
CN-SN,2004,36812257,NBS,2004-12-31,https://www.stats.gov.cn/sj/ndsj/2014/zk/html/Z0205C.xls
CN-SN,2005,36900000,NBS,2005-12-31,https://www.stats.gov.cn/sj/ndsj/2014/zk/html/Z0205C.xls
CN-SN,2006,36990000,NBS,2006-12-31,https://www.stats.gov.cn/sj/ndsj/2014/zk/html/Z0205C.xls
CN-SN,2007,37080000,NBS,2007-12-31,https://www.stats.gov.cn/sj/ndsj/2014/zk/html/Z0205C.xls
CN-SN,2008,37180000,NBS,2008-12-31,https://www.stats.gov.cn/sj/ndsj/2014/zk/html/Z0205C.xls
CN-SN,2009,37270000,NBS,2009-12-31,https://www.stats.gov.cn/sj/ndsj/2014/zk/html/Z0205C.xls
CN-SN,2010,37350000,NBS,2010-12-31,https://www.stats.gov.cn/sj/ndsj/2014/zk/html/Z0205C.xls
CN-SN,2011,37650000,NBS,2011-12-31,https://www.stats.gov.cn/sj/ndsj/2021/html/C02-05.jpg
CN-SN,2012,37870000,NBS,2012-12-31,https://www.stats.gov.cn/sj/ndsj/2021/html/C02-05.jpg
CN-SN,2013,38040000,NBS,2013-12-31,https://www.stats.gov.cn/sj/ndsj/2021/html/C02-05.jpg
CN-SN,2014,38270000,NBS,2014-12-31,https://www.stats.gov.cn/sj/ndsj/2021/html/C02-05.jpg
CN-SN,2015,38460000,NBS,2015-12-31,https://www.stats.gov.cn/sj/ndsj/2025/html/C02-05.jpg
CN-SN,2016,38740000,NBS,2016-12-31,https://www.stats.gov.cn/sj/ndsj/2025/html/C02-05.jpg
CN-SN,2017,39040000,NBS,2017-12-31,https://www.stats.gov.cn/sj/ndsj/2025/html/C02-05.jpg
CN-SN,2018,39310000,NBS,2018-12-31,https://www.stats.gov.cn/sj/ndsj/2025/html/C02-05.jpg
CN-SN,2019,39440000,NBS,2019-12-31,https://www.stats.gov.cn/sj/ndsj/2025/html/C02-05.jpg
CN-SN,2020,39550000,NBS,2020-12-31,https://www.stats.gov.cn/sj/ndsj/2025/html/C02-05.jpg
CN-SN,2021,39540000,NBS,2021-12-31,https://www.stats.gov.cn/sj/ndsj/2025/html/C02-05.jpg
CN-SN,2022,39560000,NBS,2022-12-31,https://www.stats.gov.cn/sj/ndsj/2025/html/C02-05.jpg
CN-SN,2023,39520000,NBS,2023-12-31,https://www.stats.gov.cn/sj/ndsj/2025/html/C02-05.jpg
CN-SN,2024,39530000,NBS,2024-12-31,https://www.stats.gov.cn/sj/ndsj/2025/html/C02-05.jpg
CN-SX,2000,32470000,NBS,2000-12-31,https://www.stats.gov.cn/sj/ndsj/2012/html/D0304C.xls
CN-SX,2001,32716300,NBS,2001-12-31,https://www.stats.gov.cn/sj/ndsj/2012/html/D0304C.xls
CN-SX,2002,32940000,NBS,2002-12-31,https://www.stats.gov.cn/sj/ndsj/2014/zk/html/Z0205C.xls
CN-SX,2003,33140000,NBS,2003-12-31,https://www.stats.gov.cn/sj/ndsj/2014/zk/html/Z0205C.xls
CN-SX,2004,33350000,NBS,2004-12-31,https://www.stats.gov.cn/sj/ndsj/2014/zk/html/Z0205C.xls
CN-SX,2005,33552100,NBS,2005-12-31,https://www.stats.gov.cn/sj/ndsj/2014/zk/html/Z0205C.xls
CN-SX,2006,33745500,NBS,2006-12-31,https://www.stats.gov.cn/sj/ndsj/2014/zk/html/Z0205C.xls
CN-SX,2007,33925800,NBS,2007-12-31,https://www.stats.gov.cn/sj/ndsj/2014/zk/html/Z0205C.xls
CN-SX,2008,34106400,NBS,2008-12-31,https://www.stats.gov.cn/sj/ndsj/2014/zk/html/Z0205C.xls
CN-SX,2009,34273600,NBS,2009-12-31,https://www.stats.gov.cn/sj/ndsj/2014/zk/html/Z0205C.xls
CN-SX,2010,35741100,NBS,2010-12-31,https://www.stats.gov.cn/sj/ndsj/2014/zk/html/Z0205C.xls
CN-SX,2011,35620000,NBS,2011-12-31,https://www.stats.gov.cn/sj/ndsj/2021/html/C02-05.jpg
CN-SX,2012,35480000,NBS,2012-12-31,https://www.stats.gov.cn/sj/ndsj/2021/html/C02-05.jpg
CN-SX,2013,35350000,NBS,2013-12-31,https://www.stats.gov.cn/sj/ndsj/2021/html/C02-05.jpg
CN-SX,2014,35280000,NBS,2014-12-31,https://www.stats.gov.cn/sj/ndsj/2021/html/C02-05.jpg
CN-SX,2015,35190000,NBS,2015-12-31,https://www.stats.gov.cn/sj/ndsj/2025/html/C02-05.jpg
CN-SX,2016,35140000,NBS,2016-12-31,https://www.stats.gov.cn/sj/ndsj/2025/html/C02-05.jpg
CN-SX,2017,35100000,NBS,2017-12-31,https://www.stats.gov.cn/sj/ndsj/2025/html/C02-05.jpg
CN-SX,2018,35020000,NBS,2018-12-31,https://www.stats.gov.cn/sj/ndsj/2025/html/C02-05.jpg
CN-SX,2019,34970000,NBS,2019-12-31,https://www.stats.gov.cn/sj/ndsj/2025/html/C02-05.jpg
CN-SX,2020,34900000,NBS,2020-12-31,https://www.stats.gov.cn/sj/ndsj/2025/html/C02-05.jpg
CN-SX,2021,34800000,NBS,2021-12-31,https://www.stats.gov.cn/sj/ndsj/2025/html/C02-05.jpg
CN-SX,2022,34810000,NBS,2022-12-31,https://www.stats.gov.cn/sj/ndsj/2025/html/C02-05.jpg
CN-SX,2023,34660000,NBS,2023-12-31,https://www.stats.gov.cn/sj/ndsj/2025/html/C02-05.jpg
CN-SX,2024,34460000,NBS,2024-12-31,https://www.stats.gov.cn/sj/ndsj/2025/html/C02-05.jpg
CN-TJ,2000,10010000,NBS,2000-12-31,https://www.stats.gov.cn/sj/ndsj/2012/html/D0304C.xls
CN-TJ,2001,10040600,NBS,2001-12-31,https://www.stats.gov.cn/sj/ndsj/2012/html/D0304C.xls
CN-TJ,2002,10070000,NBS,2002-12-31,https://www.stats.gov.cn/sj/ndsj/2014/zk/html/Z0205C.xls
CN-TJ,2003,10110000,NBS,2003-12-31,https://www.stats.gov.cn/sj/ndsj/2014/zk/html/Z0205C.xls
CN-TJ,2004,10240000,NBS,2004-12-31,https://www.stats.gov.cn/sj/ndsj/2014/zk/html/Z0205C.xls
CN-TJ,2005,10425300,NBS,2005-12-31,https://www.stats.gov.cn/sj/ndsj/2014/zk/html/Z0205C.xls
CN-TJ,2006,10750000,NBS,2006-12-31,https://www.stats.gov.cn/sj/ndsj/2014/zk/html/Z0205C.xls
CN-TJ,2007,11150000,NBS,2007-12-31,https://www.stats.gov.cn/sj/ndsj/2014/zk/html/Z0205C.xls
CN-TJ,2008,11760000,NBS,2008-12-31,https://www.stats.gov.cn/sj/ndsj/2014/zk/html/Z0205C.xls
CN-TJ,2009,12281600,NBS,2009-12-31,https://www.stats.gov.cn/sj/ndsj/2014/zk/html/Z0205C.xls
CN-TJ,2010,12992900,NBS,2010-12-31,https://www.stats.gov.cn/sj/ndsj/2014/zk/html/Z0205C.xls
CN-TJ,2011,13410000,NBS,2011-12-31,https://www.stats.gov.cn/sj/ndsj/2021/html/C02-05.jpg
CN-TJ,2012,13780000,NBS,2012-12-31,https://www.stats.gov.cn/sj/ndsj/2021/html/C02-05.jpg
CN-TJ,2013,14100000,NBS,2013-12-31,https://www.stats.gov.cn/sj/ndsj/2021/html/C02-05.jpg
CN-TJ,2014,14290000,NBS,2014-12-31,https://www.stats.gov.cn/sj/ndsj/2021/html/C02-05.jpg
CN-TJ,2015,14390000,NBS,2015-12-31,https://www.stats.gov.cn/sj/ndsj/2025/html/C02-05.jpg
CN-TJ,2016,14430000,NBS,2016-12-31,https://www.stats.gov.cn/sj/ndsj/2025/html/C02-05.jpg
CN-TJ,2017,14100000,NBS,2017-12-31,https://www.stats.gov.cn/sj/ndsj/2025/html/C02-05.jpg
CN-TJ,2018,13830000,NBS,2018-12-31,https://www.stats.gov.cn/sj/ndsj/2025/html/C02-05.jpg
CN-TJ,2019,13850000,NBS,2019-12-31,https://www.stats.gov.cn/sj/ndsj/2025/html/C02-05.jpg
CN-TJ,2020,13870000,NBS,2020-12-31,https://www.stats.gov.cn/sj/ndsj/2025/html/C02-05.jpg
CN-TJ,2021,13730000,NBS,2021-12-31,https://www.stats.gov.cn/sj/ndsj/2025/html/C02-05.jpg
CN-TJ,2022,13630000,NBS,2022-12-31,https://www.stats.gov.cn/sj/ndsj/2025/html/C02-05.jpg
CN-TJ,2023,13640000,NBS,2023-12-31,https://www.stats.gov.cn/sj/ndsj/2025/html/C02-05.jpg
CN-TJ,2024,13640000,NBS,2024-12-31,https://www.stats.gov.cn/sj/ndsj/2025/html/C02-05.jpg
CN-XJ,2000,18490000,NBS,2000-12-31,https://www.stats.gov.cn/sj/ndsj/2012/html/D0304C.xls
CN-XJ,2001,18761900,NBS,2001-12-31,https://www.stats.gov.cn/sj/ndsj/2012/html/D0304C.xls
CN-XJ,2002,19050000,NBS,2002-12-31,https://www.stats.gov.cn/sj/ndsj/2014/zk/html/Z0205C.xls
CN-XJ,2003,19340000,NBS,2003-12-31,https://www.stats.gov.cn/sj/ndsj/2014/zk/html/Z0205C.xls
CN-XJ,2004,19630000,NBS,2004-12-31,https://www.stats.gov.cn/sj/ndsj/2014/zk/html/Z0205C.xls
CN-XJ,2005,20103500,NBS,2005-12-31,https://www.stats.gov.cn/sj/ndsj/2014/zk/html/Z0205C.xls
CN-XJ,2006,20500000,NBS,2006-12-31,https://www.stats.gov.cn/sj/ndsj/2014/zk/html/Z0205C.xls
CN-XJ,2007,20951900,NBS,2007-12-31,https://www.stats.gov.cn/sj/ndsj/2014/zk/html/Z0205C.xls
CN-XJ,2008,21308100,NBS,2008-12-31,https://www.stats.gov.cn/sj/ndsj/2014/zk/html/Z0205C.xls
CN-XJ,2009,21586300,NBS,2009-12-31,https://www.stats.gov.cn/sj/ndsj/2014/zk/html/Z0205C.xls
CN-XJ,2010,21850000,NBS,2010-12-31,https://www.stats.gov.cn/sj/ndsj/2014/zk/html/Z0205C.xls
CN-XJ,2011,22250000,NBS,2011-12-31,https://www.stats.gov.cn/sj/ndsj/2021/html/C02-05.jpg
CN-XJ,2012,22530000,NBS,2012-12-31,https://www.stats.gov.cn/sj/ndsj/2021/html/C02-05.jpg
CN-XJ,2013,22850000,NBS,2013-12-31,https://www.stats.gov.cn/sj/ndsj/2021/html/C02-05.jpg
CN-XJ,2014,23250000,NBS,2014-12-31,https://www.stats.gov.cn/sj/ndsj/2021/html/C02-05.jpg
CN-XJ,2015,23850000,NBS,2015-12-31,https://www.stats.gov.cn/sj/ndsj/2025/html/C02-05.jpg
CN-XJ,2016,24280000,NBS,2016-12-31,https://www.stats.gov.cn/sj/ndsj/2025/html/C02-05.jpg
CN-XJ,2017,24800000,NBS,2017-12-31,https://www.stats.gov.cn/sj/ndsj/2025/html/C02-05.jpg
CN-XJ,2018,25200000,NBS,2018-12-31,https://www.stats.gov.cn/sj/ndsj/2025/html/C02-05.jpg
CN-XJ,2019,25590000,NBS,2019-12-31,https://www.stats.gov.cn/sj/ndsj/2025/html/C02-05.jpg
CN-XJ,2020,25900000,NBS,2020-12-31,https://www.stats.gov.cn/sj/ndsj/2025/html/C02-05.jpg
CN-XJ,2021,25890000,NBS,2021-12-31,https://www.stats.gov.cn/sj/ndsj/2025/html/C02-05.jpg
CN-XJ,2022,25870000,NBS,2022-12-31,https://www.stats.gov.cn/sj/ndsj/2025/html/C02-05.jpg
CN-XJ,2023,25980000,NBS,2023-12-31,https://www.stats.gov.cn/sj/ndsj/2025/html/C02-05.jpg
CN-XJ,2024,26230000,NBS,2024-12-31,https://www.stats.gov.cn/sj/ndsj/2025/html/C02-05.jpg
CN-XZ,2000,2580000,NBS,2000-12-31,https://www.stats.gov.cn/sj/ndsj/2012/html/D0304C.xls
CN-XZ,2001,2629700,NBS,2001-12-31,https://www.stats.gov.cn/sj/ndsj/2012/html/D0304C.xls
CN-XZ,2002,2682400,NBS,2002-12-31,https://www.stats.gov.cn/sj/ndsj/2014/zk/html/Z0205C.xls
CN-XZ,2003,2721600,NBS,2003-12-31,https://www.stats.gov.cn/sj/ndsj/2014/zk/html/Z0205C.xls
CN-XZ,2004,2763500,NBS,2004-12-31,https://www.stats.gov.cn/sj/ndsj/2014/zk/html/Z0205C.xls
CN-XZ,2005,2803100,NBS,2005-12-31,https://www.stats.gov.cn/sj/ndsj/2014/zk/html/Z0205C.xls
CN-XZ,2006,2850800,NBS,2006-12-31,https://www.stats.gov.cn/sj/ndsj/2014/zk/html/Z0205C.xls
CN-XZ,2007,2888300,NBS,2007-12-31,https://www.stats.gov.cn/sj/ndsj/2014/zk/html/Z0205C.xls
CN-XZ,2008,2923300,NBS,2008-12-31,https://www.stats.gov.cn/sj/ndsj/2014/zk/html/Z0205C.xls
CN-XZ,2009,2958400,NBS,2009-12-31,https://www.stats.gov.cn/sj/ndsj/2014/zk/html/Z0205C.xls
CN-XZ,2010,3002200,NBS,2010-12-31,https://www.stats.gov.cn/sj/ndsj/2014/zk/html/Z0205C.xls
CN-XZ,2011,3090000,NBS,2011-12-31,https://www.stats.gov.cn/sj/ndsj/2021/html/C02-05.jpg
CN-XZ,2012,3150000,NBS,2012-12-31,https://www.stats.gov.cn/sj/ndsj/2021/html/C02-05.jpg
CN-XZ,2013,3170000,NBS,2013-12-31,https://www.stats.gov.cn/sj/ndsj/2021/html/C02-05.jpg
CN-XZ,2014,3250000,NBS,2014-12-31,https://www.stats.gov.cn/sj/ndsj/2021/html/C02-05.jpg
CN-XZ,2015,3300000,NBS,2015-12-31,https://www.stats.gov.cn/sj/ndsj/2025/html/C02-05.jpg
CN-XZ,2016,3400000,NBS,2016-12-31,https://www.stats.gov.cn/sj/ndsj/2025/html/C02-05.jpg
CN-XZ,2017,3490000,NBS,2017-12-31,https://www.stats.gov.cn/sj/ndsj/2025/html/C02-05.jpg
CN-XZ,2018,3540000,NBS,2018-12-31,https://www.stats.gov.cn/sj/ndsj/2025/html/C02-05.jpg
CN-XZ,2019,3610000,NBS,2019-12-31,https://www.stats.gov.cn/sj/ndsj/2025/html/C02-05.jpg
CN-XZ,2020,3660000,NBS,2020-12-31,https://www.stats.gov.cn/sj/ndsj/2025/html/C02-05.jpg
CN-XZ,2021,3660000,NBS,2021-12-31,https://www.stats.gov.cn/sj/ndsj/2025/html/C02-05.jpg
CN-XZ,2022,3640000,NBS,2022-12-31,https://www.stats.gov.cn/sj/ndsj/2025/html/C02-05.jpg
CN-XZ,2023,3650000,NBS,2023-12-31,https://www.stats.gov.cn/sj/ndsj/2025/html/C02-05.jpg
CN-XZ,2024,3700000,NBS,2024-12-31,https://www.stats.gov.cn/sj/ndsj/2025/html/C02-05.jpg
CN-YN,2000,42410000,NBS,2000-12-31,https://www.stats.gov.cn/sj/ndsj/2012/html/D0304C.xls
CN-YN,2001,42874000,NBS,2001-12-31,https://www.stats.gov.cn/sj/ndsj/2012/html/D0304C.xls
CN-YN,2002,43330000,NBS,2002-12-31,https://www.stats.gov.cn/sj/ndsj/2014/zk/html/Z0205C.xls
CN-YN,2003,43760000,NBS,2003-12-31,https://www.stats.gov.cn/sj/ndsj/2014/zk/html/Z0205C.xls
CN-YN,2004,44150000,NBS,2004-12-31,https://www.stats.gov.cn/sj/ndsj/2014/zk/html/Z0205C.xls
CN-YN,2005,44504000,NBS,2005-12-31,https://www.stats.gov.cn/sj/ndsj/2014/zk/html/Z0205C.xls
CN-YN,2006,44830000,NBS,2006-12-31,https://www.stats.gov.cn/sj/ndsj/2014/zk/html/Z0205C.xls
CN-YN,2007,45140000,NBS,2007-12-31,https://www.stats.gov.cn/sj/ndsj/2014/zk/html/Z0205C.xls
CN-YN,2008,45430000,NBS,2008-12-31,https://www.stats.gov.cn/sj/ndsj/2014/zk/html/Z0205C.xls
CN-YN,2009,45710000,NBS,2009-12-31,https://www.stats.gov.cn/sj/ndsj/2014/zk/html/Z0205C.xls
CN-YN,2010,46016000,NBS,2010-12-31,https://www.stats.gov.cn/sj/ndsj/2014/zk/html/Z0205C.xls
CN-YN,2011,46200000,NBS,2011-12-31,https://www.stats.gov.cn/sj/ndsj/2021/html/C02-05.jpg
CN-YN,2012,46310000,NBS,2012-12-31,https://www.stats.gov.cn/sj/ndsj/2021/html/C02-05.jpg
CN-YN,2013,46410000,NBS,2013-12-31,https://www.stats.gov.cn/sj/ndsj/2021/html/C02-05.jpg
CN-YN,2014,46530000,NBS,2014-12-31,https://www.stats.gov.cn/sj/ndsj/2021/html/C02-05.jpg
CN-YN,2015,46630000,NBS,2015-12-31,https://www.stats.gov.cn/sj/ndsj/2025/html/C02-05.jpg
CN-YN,2016,46770000,NBS,2016-12-31,https://www.stats.gov.cn/sj/ndsj/2025/html/C02-05.jpg
CN-YN,2017,46930000,NBS,2017-12-31,https://www.stats.gov.cn/sj/ndsj/2025/html/C02-05.jpg
CN-YN,2018,47030000,NBS,2018-12-31,https://www.stats.gov.cn/sj/ndsj/2025/html/C02-05.jpg
CN-YN,2019,47140000,NBS,2019-12-31,https://www.stats.gov.cn/sj/ndsj/2025/html/C02-05.jpg
CN-YN,2020,47220000,NBS,2020-12-31,https://www.stats.gov.cn/sj/ndsj/2025/html/C02-05.jpg
CN-YN,2021,46900000,NBS,2021-12-31,https://www.stats.gov.cn/sj/ndsj/2025/html/C02-05.jpg
CN-YN,2022,46930000,NBS,2022-12-31,https://www.stats.gov.cn/sj/ndsj/2025/html/C02-05.jpg
CN-YN,2023,46730000,NBS,2023-12-31,https://www.stats.gov.cn/sj/ndsj/2025/html/C02-05.jpg
CN-YN,2024,46550000,NBS,2024-12-31,https://www.stats.gov.cn/sj/ndsj/2025/html/C02-05.jpg
CN-ZJ,2000,46799100,NBS,2000-12-31,https://www.stats.gov.cn/sj/ndsj/2012/html/D0304C.xls
CN-ZJ,2001,47288000,NBS,2001-12-31,https://www.stats.gov.cn/sj/ndsj/2012/html/D0304C.xls
CN-ZJ,2002,47764000,NBS,2002-12-31,https://www.stats.gov.cn/sj/ndsj/2014/zk/html/Z0205C.xls
CN-ZJ,2003,48568000,NBS,2003-12-31,https://www.stats.gov.cn/sj/ndsj/2014/zk/html/Z0205C.xls
CN-ZJ,2004,49252000,NBS,2004-12-31,https://www.stats.gov.cn/sj/ndsj/2014/zk/html/Z0205C.xls
CN-ZJ,2005,49909000,NBS,2005-12-31,https://www.stats.gov.cn/sj/ndsj/2014/zk/html/Z0205C.xls
CN-ZJ,2006,50718000,NBS,2006-12-31,https://www.stats.gov.cn/sj/ndsj/2014/zk/html/Z0205C.xls
CN-ZJ,2007,51549000,NBS,2007-12-31,https://www.stats.gov.cn/sj/ndsj/2014/zk/html/Z0205C.xls
CN-ZJ,2008,52124000,NBS,2008-12-31,https://www.stats.gov.cn/sj/ndsj/2014/zk/html/Z0205C.xls
CN-ZJ,2009,52755000,NBS,2009-12-31,https://www.stats.gov.cn/sj/ndsj/2014/zk/html/Z0205C.xls
CN-ZJ,2010,54465100,NBS,2010-12-31,https://www.stats.gov.cn/sj/ndsj/2014/zk/html/Z0205C.xls
CN-ZJ,2011,55700000,NBS,2011-12-31,https://www.stats.gov.cn/sj/ndsj/2021/html/C02-05.jpg
CN-ZJ,2012,56850000,NBS,2012-12-31,https://www.stats.gov.cn/sj/ndsj/2021/html/C02-05.jpg
CN-ZJ,2013,57840000,NBS,2013-12-31,https://www.stats.gov.cn/sj/ndsj/2021/html/C02-05.jpg
CN-ZJ,2014,58900000,NBS,2014-12-31,https://www.stats.gov.cn/sj/ndsj/2021/html/C02-05.jpg
CN-ZJ,2015,59850000,NBS,2015-12-31,https://www.stats.gov.cn/sj/ndsj/2025/html/C02-05.jpg
CN-ZJ,2016,60720000,NBS,2016-12-31,https://www.stats.gov.cn/sj/ndsj/2025/html/C02-05.jpg
CN-ZJ,2017,61700000,NBS,2017-12-31,https://www.stats.gov.cn/sj/ndsj/2025/html/C02-05.jpg
CN-ZJ,2018,62730000,NBS,2018-12-31,https://www.stats.gov.cn/sj/ndsj/2025/html/C02-05.jpg
CN-ZJ,2019,63750000,NBS,2019-12-31,https://www.stats.gov.cn/sj/ndsj/2025/html/C02-05.jpg
CN-ZJ,2020,64680000,NBS,2020-12-31,https://www.stats.gov.cn/sj/ndsj/2025/html/C02-05.jpg
CN-ZJ,2021,65400000,NBS,2021-12-31,https://www.stats.gov.cn/sj/ndsj/2025/html/C02-05.jpg
CN-ZJ,2022,65770000,NBS,2022-12-31,https://www.stats.gov.cn/sj/ndsj/2025/html/C02-05.jpg
CN-ZJ,2023,66270000,NBS,2023-12-31,https://www.stats.gov.cn/sj/ndsj/2025/html/C02-05.jpg
CN-ZJ,2024,66700000,NBS,2024-12-31,https://www.stats.gov.cn/sj/ndsj/2025/html/C02-05.jpg
